timestamp,open,high,low,close,volume,exchange,symbol
2025-06-02 03:00:00,4.03,4.032,4.003,4.02,85540.19,binance,DOT/USDT
2025-06-02 04:00:00,4.02,4.04,4.013,4.017,67532.7,binance,DOT/USDT
2025-06-02 05:00:00,4.017,4.04,4.009,4.027,68105.0,binance,DOT/USDT
2025-06-02 06:00:00,4.028,4.04,4.01,4.026,350284.07,binance,DOT/USDT
2025-06-02 07:00:00,4.026,4.05,4.01,4.014,196211.79,binance,DOT/USDT
2025-06-02 08:00:00,4.014,4.026,3.972,3.986,181995.07,binance,DOT/USDT
2025-06-02 09:00:00,3.986,3.986,3.955,3.964,166580.74,binance,DOT/USDT
2025-06-02 10:00:00,3.965,3.984,3.952,3.967,228880.85,binance,DOT/USDT
2025-06-02 11:00:00,3.967,3.981,3.956,3.97,81438.98,binance,DOT/USDT
2025-06-02 12:00:00,3.97,4.017,3.964,4.014,158182.99,binance,DOT/USDT
2025-06-02 13:00:00,4.013,4.045,3.997,4.01,167125.36,binance,DOT/USDT
2025-06-02 14:00:00,4.009,4.055,4.001,4.027,198686.58,binance,DOT/USDT
2025-06-02 15:00:00,4.027,4.049,4.012,4.034,145981.71,binance,DOT/USDT
2025-06-02 16:00:00,4.034,4.047,4.017,4.041,141567.7,binance,DOT/USDT
2025-06-02 17:00:00,4.04,4.049,4.021,4.044,143988.25,binance,DOT/USDT
2025-06-02 18:00:00,4.043,4.062,4.031,4.039,107768.83,binance,DOT/USDT
2025-06-02 19:00:00,4.04,4.056,4.011,4.036,97775.68,binance,DOT/USDT
2025-06-02 20:00:00,4.036,4.083,4.036,4.082,115712.64,binance,DOT/USDT
2025-06-02 21:00:00,4.082,4.129,4.082,4.128,211414.13,binance,DOT/USDT
2025-06-02 22:00:00,4.127,4.171,4.127,4.146,196006.11,binance,DOT/USDT
2025-06-02 23:00:00,4.147,4.161,4.138,4.148,232802.02,binance,DOT/USDT
2025-06-03 00:00:00,4.149,4.183,4.143,4.179,163602.75,binance,DOT/USDT
2025-06-03 01:00:00,4.18,4.221,4.178,4.215,159652.6,binance,DOT/USDT
2025-06-03 02:00:00,4.215,4.223,4.169,4.175,259485.52,binance,DOT/USDT
2025-06-03 03:00:00,4.176,4.183,4.145,4.148,134337.24,binance,DOT/USDT
2025-06-03 04:00:00,4.149,4.152,4.123,4.129,104884.57,binance,DOT/USDT
2025-06-03 05:00:00,4.128,4.174,4.128,4.17,111429.15,binance,DOT/USDT
2025-06-03 06:00:00,4.169,4.181,4.158,4.18,75313.32,binance,DOT/USDT
2025-06-03 07:00:00,4.18,4.189,4.162,4.164,176141.21,binance,DOT/USDT
2025-06-03 08:00:00,4.165,4.174,4.136,4.155,88730.38,binance,DOT/USDT
2025-06-03 09:00:00,4.155,4.17,4.141,4.163,73993.37,binance,DOT/USDT
2025-06-03 10:00:00,4.163,4.18,4.16,4.172,68051.31,binance,DOT/USDT
2025-06-03 11:00:00,4.173,4.181,4.148,4.151,75076.96,binance,DOT/USDT
2025-06-03 12:00:00,4.152,4.165,4.132,4.146,163929.38,binance,DOT/USDT
2025-06-03 13:00:00,4.146,4.176,4.139,4.158,200861.17,binance,DOT/USDT
2025-06-03 14:00:00,4.158,4.203,4.139,4.198,395934.71,binance,DOT/USDT
2025-06-03 15:00:00,4.198,4.206,4.174,4.183,361467.06,binance,DOT/USDT
2025-06-03 16:00:00,4.184,4.2,4.169,4.171,168804.66,binance,DOT/USDT
2025-06-03 17:00:00,4.171,4.204,4.167,4.191,105853.7,binance,DOT/USDT
2025-06-03 18:00:00,4.191,4.192,4.167,4.182,69901.77,binance,DOT/USDT
2025-06-03 19:00:00,4.181,4.207,4.18,4.194,83418.21,binance,DOT/USDT
2025-06-03 20:00:00,4.194,4.196,4.119,4.149,193538.1,binance,DOT/USDT
2025-06-03 21:00:00,4.149,4.161,4.097,4.117,228681.22,binance,DOT/USDT
2025-06-03 22:00:00,4.117,4.16,4.114,4.156,141701.33,binance,DOT/USDT
2025-06-03 23:00:00,4.156,4.159,4.133,4.137,64102.65,binance,DOT/USDT
2025-06-04 00:00:00,4.137,4.165,4.124,4.162,136553.81,binance,DOT/USDT
2025-06-04 01:00:00,4.163,4.207,4.163,4.179,220930.08,binance,DOT/USDT
2025-06-04 02:00:00,4.179,4.205,4.17,4.172,107975.06,binance,DOT/USDT
2025-06-04 03:00:00,4.172,4.206,4.169,4.19,160950.78,binance,DOT/USDT
2025-06-04 04:00:00,4.19,4.21,4.189,4.199,174991.25,binance,DOT/USDT
2025-06-04 05:00:00,4.2,4.214,4.18,4.183,114947.13,binance,DOT/USDT
2025-06-04 06:00:00,4.184,4.208,4.174,4.195,80594.41,binance,DOT/USDT
2025-06-04 07:00:00,4.196,4.204,4.171,4.184,60579.71,binance,DOT/USDT
2025-06-04 08:00:00,4.183,4.204,4.17,4.17,119700.8,binance,DOT/USDT
2025-06-04 09:00:00,4.171,4.181,4.157,4.175,95904.81,binance,DOT/USDT
2025-06-04 10:00:00,4.176,4.186,4.145,4.148,193979.72,binance,DOT/USDT
2025-06-04 11:00:00,4.147,4.158,4.127,4.13,149966.34,binance,DOT/USDT
2025-06-04 12:00:00,4.13,4.137,4.072,4.075,1505056.65,binance,DOT/USDT
2025-06-04 13:00:00,4.073,4.099,4.055,4.068,251070.39,binance,DOT/USDT
2025-06-04 14:00:00,4.068,4.088,4.038,4.087,230306.39,binance,DOT/USDT
2025-06-04 15:00:00,4.088,4.12,4.075,4.108,205653.42,binance,DOT/USDT
2025-06-04 16:00:00,4.108,4.108,4.083,4.09,132596.7,binance,DOT/USDT
2025-06-04 17:00:00,4.091,4.092,4.032,4.055,157284.12,binance,DOT/USDT
2025-06-04 18:00:00,4.056,4.075,4.045,4.054,70490.56,binance,DOT/USDT
2025-06-04 19:00:00,4.054,4.069,4.039,4.041,52919.03,binance,DOT/USDT
2025-06-04 20:00:00,4.041,4.044,3.99,4.007,290229.48,binance,DOT/USDT
2025-06-04 21:00:00,4.006,4.046,3.985,4.04,244695.19,binance,DOT/USDT
2025-06-04 22:00:00,4.039,4.046,4.018,4.029,147416.68,binance,DOT/USDT
2025-06-04 23:00:00,4.028,4.035,4.002,4.006,131724.41,binance,DOT/USDT
2025-06-05 00:00:00,4.006,4.032,3.997,4.03,96747.68,binance,DOT/USDT
2025-06-05 01:00:00,4.029,4.042,4.005,4.015,92007.28,binance,DOT/USDT
2025-06-05 02:00:00,4.016,4.047,4.016,4.025,167802.82,binance,DOT/USDT
2025-06-05 03:00:00,4.026,4.04,4.015,4.035,98028.53,binance,DOT/USDT
2025-06-05 04:00:00,4.034,4.059,4.029,4.054,75488.4,binance,DOT/USDT
2025-06-05 05:00:00,4.055,4.058,4.015,4.023,147212.57,binance,DOT/USDT
2025-06-05 06:00:00,4.023,4.039,4.009,4.017,130060.26,binance,DOT/USDT
2025-06-05 07:00:00,4.017,4.055,4.009,4.029,144156.67,binance,DOT/USDT
2025-06-05 08:00:00,4.03,4.04,4.003,4.008,159447.6,binance,DOT/USDT
2025-06-05 09:00:00,4.007,4.034,4.007,4.03,100285.22,binance,DOT/USDT
2025-06-05 10:00:00,4.03,4.033,3.986,4.009,191002.03,binance,DOT/USDT
2025-06-05 11:00:00,4.01,4.013,3.995,4.006,89921.21,binance,DOT/USDT
2025-06-05 12:00:00,4.005,4.072,3.997,4.061,295290.0,binance,DOT/USDT
2025-06-05 13:00:00,4.06,4.078,3.995,4.001,279640.22,binance,DOT/USDT
2025-06-05 14:00:00,4.002,4.045,3.961,4.027,392090.39,binance,DOT/USDT
2025-06-05 15:00:00,4.026,4.037,4.011,4.019,109500.47,binance,DOT/USDT
2025-06-05 16:00:00,4.018,4.02,3.956,3.969,289470.6,binance,DOT/USDT
2025-06-05 17:00:00,3.969,3.996,3.967,3.989,134500.34,binance,DOT/USDT
2025-06-05 18:00:00,3.989,3.994,3.943,3.976,273512.21,binance,DOT/USDT
2025-06-05 19:00:00,3.975,3.975,3.828,3.897,1147739.54,binance,DOT/USDT
2025-06-05 20:00:00,3.898,3.915,3.742,3.751,1022510.5,binance,DOT/USDT
2025-06-05 21:00:00,3.752,3.833,3.747,3.824,598215.44,binance,DOT/USDT
2025-06-05 22:00:00,3.823,3.842,3.787,3.828,274001.85,binance,DOT/USDT
2025-06-05 23:00:00,3.829,3.845,3.809,3.814,331941.01,binance,DOT/USDT
2025-06-06 00:00:00,3.814,3.863,3.802,3.861,248040.36,binance,DOT/USDT
2025-06-06 01:00:00,3.861,3.869,3.846,3.866,118905.46,binance,DOT/USDT
2025-06-06 02:00:00,3.866,3.893,3.843,3.892,159878.86,binance,DOT/USDT
2025-06-06 03:00:00,3.892,3.92,3.881,3.915,197651.65,binance,DOT/USDT
2025-06-06 04:00:00,3.916,3.922,3.893,3.918,124676.18,binance,DOT/USDT
2025-06-06 05:00:00,3.919,3.923,3.897,3.903,86582.32,binance,DOT/USDT
2025-06-06 06:00:00,3.902,3.918,3.889,3.903,105543.51,binance,DOT/USDT
2025-06-06 07:00:00,3.903,3.913,3.877,3.881,95472.32,binance,DOT/USDT
2025-06-06 08:00:00,3.881,3.894,3.873,3.879,116644.65,binance,DOT/USDT
2025-06-06 09:00:00,3.879,3.907,3.879,3.883,135707.65,binance,DOT/USDT
2025-06-06 10:00:00,3.883,3.907,3.882,3.9,74055.5,binance,DOT/USDT
2025-06-06 11:00:00,3.9,3.919,3.896,3.909,88061.67,binance,DOT/USDT
2025-06-06 12:00:00,3.91,3.963,3.909,3.93,374923.96,binance,DOT/USDT
2025-06-06 13:00:00,3.931,3.978,3.931,3.955,277567.4,binance,DOT/USDT
2025-06-06 14:00:00,3.956,3.98,3.951,3.98,178261.53,binance,DOT/USDT
2025-06-06 15:00:00,3.98,3.992,3.955,3.969,172348.87,binance,DOT/USDT
2025-06-06 16:00:00,3.969,3.981,3.941,3.95,158926.0,binance,DOT/USDT
2025-06-06 17:00:00,3.949,3.952,3.918,3.939,136092.82,binance,DOT/USDT
2025-06-06 18:00:00,3.939,3.943,3.895,3.9,186393.96,binance,DOT/USDT
2025-06-06 19:00:00,3.9,3.904,3.881,3.891,110987.09,binance,DOT/USDT
2025-06-06 20:00:00,3.891,3.912,3.887,3.896,97032.84,binance,DOT/USDT
2025-06-06 21:00:00,3.896,3.912,3.882,3.905,106539.32,binance,DOT/USDT
2025-06-06 22:00:00,3.905,3.906,3.885,3.896,106732.53,binance,DOT/USDT
2025-06-06 23:00:00,3.896,3.896,3.876,3.884,73180.48,binance,DOT/USDT
2025-06-07 00:00:00,3.886,3.93,3.868,3.93,114287.86,binance,DOT/USDT
2025-06-07 01:00:00,3.929,3.936,3.911,3.922,98173.68,binance,DOT/USDT
2025-06-07 02:00:00,3.921,3.958,3.917,3.954,90411.66,binance,DOT/USDT
2025-06-07 03:00:00,3.954,3.98,3.953,3.978,72160.36,binance,DOT/USDT
2025-06-07 04:00:00,3.978,3.979,3.957,3.969,76368.39,binance,DOT/USDT
2025-06-07 05:00:00,3.969,4.009,3.963,4.008,208830.87,binance,DOT/USDT
2025-06-07 06:00:00,4.008,4.028,3.991,4.027,183142.53,binance,DOT/USDT
2025-06-07 07:00:00,4.026,4.032,4.007,4.027,160967.36,binance,DOT/USDT
2025-06-07 08:00:00,4.027,4.036,4.007,4.012,81612.85,binance,DOT/USDT
2025-06-07 09:00:00,4.012,4.02,3.987,3.994,105697.51,binance,DOT/USDT
2025-06-07 10:00:00,3.995,4.034,3.995,4.028,120509.5,binance,DOT/USDT
2025-06-07 11:00:00,4.029,4.036,4.018,4.025,88560.8,binance,DOT/USDT
2025-06-07 12:00:00,4.026,4.05,4.025,4.036,118277.18,binance,DOT/USDT
2025-06-07 13:00:00,4.036,4.05,4.028,4.039,96255.99,binance,DOT/USDT
2025-06-07 14:00:00,4.04,4.056,4.031,4.051,80922.7,binance,DOT/USDT
2025-06-07 15:00:00,4.052,4.058,4.027,4.038,114626.2,binance,DOT/USDT
2025-06-07 16:00:00,4.039,4.047,4.013,4.014,93752.42,binance,DOT/USDT
2025-06-07 17:00:00,4.015,4.027,4.004,4.008,53137.02,binance,DOT/USDT
2025-06-07 18:00:00,4.009,4.031,4.008,4.015,62546.73,binance,DOT/USDT
2025-06-07 19:00:00,4.016,4.03,4.014,4.016,28186.81,binance,DOT/USDT
2025-06-07 20:00:00,4.016,4.028,4.016,4.026,29250.26,binance,DOT/USDT
2025-06-07 21:00:00,4.026,4.045,4.024,4.035,58945.73,binance,DOT/USDT
2025-06-07 22:00:00,4.035,4.053,4.028,4.038,53217.66,binance,DOT/USDT
2025-06-07 23:00:00,4.038,4.038,4.019,4.031,84632.29,binance,DOT/USDT
2025-06-08 00:00:00,4.031,4.034,4.014,4.019,55837.37,binance,DOT/USDT
2025-06-08 01:00:00,4.02,4.04,4.013,4.039,70152.11,binance,DOT/USDT
2025-06-08 02:00:00,4.039,4.04,4.024,4.024,50903.33,binance,DOT/USDT
2025-06-08 03:00:00,4.025,4.029,4.018,4.02,34141.93,binance,DOT/USDT
2025-06-08 04:00:00,4.02,4.045,4.016,4.045,70282.81,binance,DOT/USDT
2025-06-08 05:00:00,4.045,4.047,4.024,4.029,51852.73,binance,DOT/USDT
2025-06-08 06:00:00,4.029,4.056,4.028,4.042,101044.57,binance,DOT/USDT
2025-06-08 07:00:00,4.043,4.053,4.021,4.022,81338.89,binance,DOT/USDT
2025-06-08 08:00:00,4.021,4.031,4.016,4.019,63843.43,binance,DOT/USDT
2025-06-08 09:00:00,4.02,4.021,3.977,3.995,219832.05,binance,DOT/USDT
2025-06-08 10:00:00,3.996,4.013,3.986,4.012,79808.31,binance,DOT/USDT
2025-06-08 11:00:00,4.013,4.046,4.013,4.043,145914.95,binance,DOT/USDT
2025-06-08 12:00:00,4.043,4.059,4.029,4.046,126082.72,binance,DOT/USDT
2025-06-08 13:00:00,4.046,4.094,4.033,4.058,210472.17,binance,DOT/USDT
2025-06-08 14:00:00,4.058,4.085,4.054,4.081,207061.83,binance,DOT/USDT
2025-06-08 15:00:00,4.081,4.099,4.07,4.076,101196.86,binance,DOT/USDT
2025-06-08 16:00:00,4.077,4.108,4.076,4.104,153801.5,binance,DOT/USDT
2025-06-08 17:00:00,4.104,4.112,4.063,4.068,182313.88,binance,DOT/USDT
2025-06-08 18:00:00,4.069,4.09,4.06,4.086,199329.23,binance,DOT/USDT
2025-06-08 19:00:00,4.087,4.088,4.064,4.079,90475.53,binance,DOT/USDT
2025-06-08 20:00:00,4.08,4.084,4.051,4.055,126584.37,binance,DOT/USDT
2025-06-08 21:00:00,4.055,4.072,4.048,4.064,76066.37,binance,DOT/USDT
2025-06-08 22:00:00,4.064,4.066,4.024,4.028,141040.68,binance,DOT/USDT
2025-06-08 23:00:00,4.027,4.034,4.018,4.025,87550.81,binance,DOT/USDT
2025-06-09 00:00:00,4.026,4.043,4.009,4.023,192527.22,binance,DOT/USDT
2025-06-09 01:00:00,4.023,4.024,3.998,4.003,67828.06,binance,DOT/USDT
2025-06-09 02:00:00,4.002,4.021,3.993,3.999,57558.97,binance,DOT/USDT
2025-06-09 03:00:00,3.999,4.012,3.986,4.006,80040.53,binance,DOT/USDT
2025-06-09 04:00:00,4.006,4.012,3.986,3.992,49098.75,binance,DOT/USDT
2025-06-09 05:00:00,3.991,3.993,3.969,3.969,74322.8,binance,DOT/USDT
2025-06-09 06:00:00,3.971,3.994,3.963,3.992,72481.58,binance,DOT/USDT
2025-06-09 07:00:00,3.991,4.001,3.979,3.986,92618.7,binance,DOT/USDT
2025-06-09 08:00:00,3.986,4.012,3.972,4.01,180353.5,binance,DOT/USDT
2025-06-09 09:00:00,4.011,4.055,4.002,4.04,190276.97,binance,DOT/USDT
2025-06-09 10:00:00,4.041,4.077,4.035,4.051,286712.6,binance,DOT/USDT
2025-06-09 11:00:00,4.051,4.071,4.044,4.055,147827.48,binance,DOT/USDT
2025-06-09 12:00:00,4.056,4.058,4.021,4.039,300982.14,binance,DOT/USDT
2025-06-09 13:00:00,4.038,4.042,3.98,3.99,696832.49,binance,DOT/USDT
2025-06-09 14:00:00,3.989,4.024,3.989,4.014,273206.6,binance,DOT/USDT
2025-06-09 15:00:00,4.014,4.042,4.012,4.021,123042.27,binance,DOT/USDT
2025-06-09 16:00:00,4.022,4.068,4.022,4.047,241851.54,binance,DOT/USDT
2025-06-09 17:00:00,4.047,4.078,4.045,4.072,216190.9,binance,DOT/USDT
2025-06-09 18:00:00,4.073,4.096,4.063,4.079,177927.66,binance,DOT/USDT
2025-06-09 19:00:00,4.079,4.086,4.053,4.065,150183.37,binance,DOT/USDT
2025-06-09 20:00:00,4.065,4.088,4.064,4.086,81417.18,binance,DOT/USDT
2025-06-09 21:00:00,4.086,4.145,4.086,4.137,386441.57,binance,DOT/USDT
2025-06-09 22:00:00,4.138,4.159,4.129,4.155,271193.64,binance,DOT/USDT
2025-06-09 23:00:00,4.157,4.162,4.129,4.151,217740.26,binance,DOT/USDT
2025-06-10 00:00:00,4.152,4.195,4.149,4.178,283179.13,binance,DOT/USDT
2025-06-10 01:00:00,4.178,4.215,4.165,4.202,220718.23,binance,DOT/USDT
2025-06-10 02:00:00,4.202,4.205,4.164,4.171,136822.35,binance,DOT/USDT
2025-06-10 03:00:00,4.172,4.173,4.144,4.149,200744.1,binance,DOT/USDT
2025-06-10 04:00:00,4.15,4.154,4.124,4.144,122479.13,binance,DOT/USDT
2025-06-10 05:00:00,4.144,4.154,4.105,4.119,154718.72,binance,DOT/USDT
2025-06-10 06:00:00,4.118,4.14,4.097,4.127,123067.27,binance,DOT/USDT
2025-06-10 07:00:00,4.128,4.139,4.106,4.126,200290.17,binance,DOT/USDT
2025-06-10 08:00:00,4.127,4.136,4.103,4.106,128146.23,binance,DOT/USDT
2025-06-10 09:00:00,4.106,4.144,4.105,4.144,244759.92,binance,DOT/USDT
2025-06-10 10:00:00,4.143,4.146,4.11,4.13,169627.39,binance,DOT/USDT
2025-06-10 11:00:00,4.13,4.239,4.113,4.233,571759.5,binance,DOT/USDT
2025-06-10 12:00:00,4.232,4.309,4.219,4.288,725580.48,binance,DOT/USDT
2025-06-10 13:00:00,4.288,4.298,4.214,4.248,580622.85,binance,DOT/USDT
2025-06-10 14:00:00,4.248,4.264,4.194,4.211,285084.14,binance,DOT/USDT
2025-06-10 15:00:00,4.21,4.255,4.192,4.239,388156.5,binance,DOT/USDT
2025-06-10 16:00:00,4.24,4.284,4.232,4.233,312889.04,binance,DOT/USDT
2025-06-10 17:00:00,4.234,4.271,4.231,4.24,161009.74,binance,DOT/USDT
2025-06-10 18:00:00,4.241,4.288,4.225,4.276,377483.65,binance,DOT/USDT
2025-06-10 19:00:00,4.277,4.315,4.257,4.275,368584.26,binance,DOT/USDT
2025-06-10 20:00:00,4.273,4.275,4.233,4.259,295775.39,binance,DOT/USDT
2025-06-10 21:00:00,4.259,4.272,4.232,4.259,261075.27,binance,DOT/USDT
2025-06-10 22:00:00,4.259,4.317,4.259,4.295,238217.09,binance,DOT/USDT
2025-06-10 23:00:00,4.295,4.3,4.265,4.294,111419.72,binance,DOT/USDT
2025-06-11 00:00:00,4.295,4.313,4.264,4.266,189763.66,binance,DOT/USDT
2025-06-11 01:00:00,4.266,4.269,4.239,4.251,166926.02,binance,DOT/USDT
2025-06-11 02:00:00,4.25,4.269,4.245,4.256,93363.29,binance,DOT/USDT
2025-06-11 03:00:00,4.256,4.281,4.248,4.275,142641.11,binance,DOT/USDT
2025-06-11 04:00:00,4.275,4.277,4.259,4.266,100402.64,binance,DOT/USDT
2025-06-11 05:00:00,4.265,4.278,4.251,4.278,110712.6,binance,DOT/USDT
2025-06-11 06:00:00,4.278,4.299,4.27,4.294,117323.52,binance,DOT/USDT
2025-06-11 07:00:00,4.295,4.334,4.287,4.315,299976.36,binance,DOT/USDT
2025-06-11 08:00:00,4.315,4.326,4.27,4.283,168801.22,binance,DOT/USDT
2025-06-11 09:00:00,4.283,4.291,4.244,4.248,166838.32,binance,DOT/USDT
2025-06-11 10:00:00,4.249,4.263,4.235,4.263,202068.02,binance,DOT/USDT
2025-06-11 11:00:00,4.263,4.265,4.212,4.229,230001.55,binance,DOT/USDT
2025-06-11 12:00:00,4.23,4.308,4.215,4.282,444564.34,binance,DOT/USDT
2025-06-11 13:00:00,4.282,4.3,4.261,4.273,317790.23,binance,DOT/USDT
2025-06-11 14:00:00,4.274,4.344,4.268,4.307,448065.57,binance,DOT/USDT
2025-06-11 15:00:00,4.308,4.346,4.29,4.333,298270.72,binance,DOT/USDT
2025-06-11 16:00:00,4.333,4.34,4.304,4.314,150485.12,binance,DOT/USDT
2025-06-11 17:00:00,4.313,4.313,4.253,4.253,158580.9,binance,DOT/USDT
2025-06-11 18:00:00,4.253,4.262,4.224,4.234,253624.0,binance,DOT/USDT
2025-06-11 19:00:00,4.235,4.26,4.22,4.244,137721.0,binance,DOT/USDT
2025-06-11 20:00:00,4.243,4.258,4.209,4.237,416207.82,binance,DOT/USDT
2025-06-11 21:00:00,4.237,4.267,4.161,4.174,313560.3,binance,DOT/USDT
2025-06-11 22:00:00,4.173,4.196,4.146,4.167,282091.25,binance,DOT/USDT
2025-06-11 23:00:00,4.167,4.195,4.163,4.189,118717.66,binance,DOT/USDT
2025-06-12 00:00:00,4.188,4.204,4.151,4.172,152005.65,binance,DOT/USDT
2025-06-12 01:00:00,4.171,4.188,4.137,4.187,539671.57,binance,DOT/USDT
2025-06-12 02:00:00,4.186,4.201,4.153,4.161,168274.91,binance,DOT/USDT
2025-06-12 03:00:00,4.16,4.165,4.125,4.14,175855.96,binance,DOT/USDT
2025-06-12 04:00:00,4.141,4.147,4.118,4.137,202243.03,binance,DOT/USDT
2025-06-12 05:00:00,4.136,4.148,4.111,4.133,94713.88,binance,DOT/USDT
2025-06-12 06:00:00,4.132,4.139,4.096,4.112,176524.97,binance,DOT/USDT
2025-06-12 07:00:00,4.112,4.121,4.058,4.059,274337.61,binance,DOT/USDT
2025-06-12 08:00:00,4.058,4.065,4.004,4.06,762814.96,binance,DOT/USDT
2025-06-12 09:00:00,4.061,4.082,4.044,4.08,136953.46,binance,DOT/USDT
2025-06-12 10:00:00,4.081,4.083,4.043,4.054,133451.72,binance,DOT/USDT
2025-06-12 11:00:00,4.053,4.058,4.012,4.015,173680.79,binance,DOT/USDT
2025-06-12 12:00:00,4.016,4.075,4.008,4.065,262292.82,binance,DOT/USDT
2025-06-12 13:00:00,4.065,4.099,4.063,4.081,235397.81,binance,DOT/USDT
2025-06-12 14:00:00,4.082,4.105,4.082,4.092,116187.83,binance,DOT/USDT
2025-06-12 15:00:00,4.092,4.103,4.015,4.027,206889.76,binance,DOT/USDT
2025-06-12 16:00:00,4.027,4.071,4.021,4.061,179155.46,binance,DOT/USDT
2025-06-12 17:00:00,4.062,4.096,4.055,4.08,191028.66,binance,DOT/USDT
2025-06-12 18:00:00,4.08,4.083,4.023,4.04,253715.34,binance,DOT/USDT
2025-06-12 19:00:00,4.04,4.051,3.968,3.98,275859.15,binance,DOT/USDT
2025-06-12 20:00:00,3.979,3.995,3.907,3.933,619584.27,binance,DOT/USDT
2025-06-12 21:00:00,3.932,3.973,3.924,3.928,291047.72,binance,DOT/USDT
2025-06-12 22:00:00,3.928,3.941,3.911,3.922,209124.8,binance,DOT/USDT
2025-06-12 23:00:00,3.921,3.934,3.908,3.919,168893.34,binance,DOT/USDT
2025-06-13 00:00:00,3.919,3.919,3.708,3.759,1650442.33,binance,DOT/USDT
2025-06-13 01:00:00,3.758,3.758,3.664,3.723,1168560.99,binance,DOT/USDT
2025-06-13 02:00:00,3.723,3.741,3.681,3.719,639269.43,binance,DOT/USDT
2025-06-13 03:00:00,3.718,3.796,3.709,3.78,646612.57,binance,DOT/USDT
2025-06-13 04:00:00,3.78,3.79,3.753,3.784,207313.29,binance,DOT/USDT
2025-06-13 05:00:00,3.784,3.803,3.773,3.792,229675.43,binance,DOT/USDT
2025-06-13 06:00:00,3.791,3.825,3.76,3.825,266541.42,binance,DOT/USDT
2025-06-13 07:00:00,3.826,3.833,3.799,3.823,340697.81,binance,DOT/USDT
2025-06-13 08:00:00,3.824,3.855,3.797,3.81,315323.91,binance,DOT/USDT
2025-06-13 09:00:00,3.809,3.82,3.784,3.807,287314.65,binance,DOT/USDT
2025-06-13 10:00:00,3.809,3.855,3.794,3.839,512866.95,binance,DOT/USDT
2025-06-13 11:00:00,3.839,3.85,3.812,3.844,166832.53,binance,DOT/USDT
2025-06-13 12:00:00,3.845,3.857,3.812,3.822,240913.95,binance,DOT/USDT
2025-06-13 13:00:00,3.822,3.846,3.81,3.819,225250.0,binance,DOT/USDT
2025-06-13 14:00:00,3.82,3.843,3.783,3.813,391345.47,binance,DOT/USDT
2025-06-13 15:00:00,3.813,3.85,3.804,3.824,249635.0,binance,DOT/USDT
2025-06-13 16:00:00,3.825,3.859,3.813,3.842,274841.45,binance,DOT/USDT
2025-06-13 17:00:00,3.842,3.843,3.809,3.842,186718.79,binance,DOT/USDT
2025-06-13 18:00:00,3.841,3.847,3.757,3.775,313068.24,binance,DOT/USDT
2025-06-13 19:00:00,3.775,3.787,3.752,3.766,198140.79,binance,DOT/USDT
2025-06-13 20:00:00,3.767,3.82,3.76,3.812,177470.0,binance,DOT/USDT
2025-06-13 21:00:00,3.813,3.833,3.793,3.814,128026.04,binance,DOT/USDT
2025-06-13 22:00:00,3.816,3.837,3.811,3.829,152941.83,binance,DOT/USDT
2025-06-13 23:00:00,3.829,3.849,3.825,3.838,147933.94,binance,DOT/USDT
2025-06-14 00:00:00,3.838,3.846,3.817,3.826,263662.15,binance,DOT/USDT
2025-06-14 01:00:00,3.825,3.825,3.797,3.806,163079.98,binance,DOT/USDT
2025-06-14 02:00:00,3.805,3.814,3.796,3.809,80634.86,binance,DOT/USDT
2025-06-14 03:00:00,3.809,3.823,3.807,3.818,76386.64,binance,DOT/USDT
2025-06-14 04:00:00,3.818,3.83,3.812,3.823,136686.45,binance,DOT/USDT
2025-06-14 05:00:00,3.823,3.829,3.81,3.825,71521.03,binance,DOT/USDT
2025-06-14 06:00:00,3.826,3.829,3.808,3.811,104862.45,binance,DOT/USDT
2025-06-14 07:00:00,3.812,3.82,3.787,3.812,181971.43,binance,DOT/USDT
2025-06-14 08:00:00,3.811,3.812,3.791,3.802,108538.82,binance,DOT/USDT
2025-06-14 09:00:00,3.802,3.804,3.783,3.785,105497.37,binance,DOT/USDT
2025-06-14 10:00:00,3.786,3.805,3.779,3.796,71270.68,binance,DOT/USDT
2025-06-14 11:00:00,3.795,3.812,3.793,3.806,56870.98,binance,DOT/USDT
2025-06-14 12:00:00,3.806,3.809,3.783,3.806,63993.3,binance,DOT/USDT
2025-06-14 13:00:00,3.806,3.817,3.783,3.796,94764.1,binance,DOT/USDT
2025-06-14 14:00:00,3.796,3.797,3.769,3.778,324677.49,binance,DOT/USDT
2025-06-14 15:00:00,3.778,3.785,3.749,3.763,193189.48,binance,DOT/USDT
2025-06-14 16:00:00,3.762,3.769,3.716,3.729,176553.09,binance,DOT/USDT
2025-06-14 17:00:00,3.728,3.765,3.722,3.753,116071.3,binance,DOT/USDT
2025-06-14 18:00:00,3.753,3.769,3.719,3.747,101860.71,binance,DOT/USDT
2025-06-14 19:00:00,3.747,3.767,3.742,3.742,91861.95,binance,DOT/USDT
2025-06-14 20:00:00,3.743,3.747,3.719,3.743,90851.18,binance,DOT/USDT
2025-06-14 21:00:00,3.743,3.785,3.742,3.777,113625.47,binance,DOT/USDT
2025-06-14 22:00:00,3.778,3.794,3.77,3.781,108381.36,binance,DOT/USDT
2025-06-14 23:00:00,3.782,3.793,3.78,3.781,33296.31,binance,DOT/USDT
2025-06-15 00:00:00,3.782,3.796,3.776,3.795,53149.19,binance,DOT/USDT
2025-06-15 01:00:00,3.793,3.796,3.769,3.772,88560.14,binance,DOT/USDT
2025-06-15 02:00:00,3.771,3.792,3.771,3.782,46943.42,binance,DOT/USDT
2025-06-15 03:00:00,3.783,3.793,3.781,3.787,25294.24,binance,DOT/USDT
2025-06-15 04:00:00,3.787,3.804,3.785,3.802,52751.1,binance,DOT/USDT
2025-06-15 05:00:00,3.803,3.816,3.783,3.814,48828.39,binance,DOT/USDT
2025-06-15 06:00:00,3.813,3.817,3.78,3.782,53114.76,binance,DOT/USDT
2025-06-15 07:00:00,3.782,3.783,3.768,3.776,47423.7,binance,DOT/USDT
2025-06-15 08:00:00,3.776,3.78,3.766,3.772,30670.0,binance,DOT/USDT
2025-06-15 09:00:00,3.771,3.772,3.754,3.761,52751.13,binance,DOT/USDT
2025-06-15 10:00:00,3.761,3.79,3.759,3.785,79924.43,binance,DOT/USDT
2025-06-15 11:00:00,3.785,3.79,3.77,3.781,56909.47,binance,DOT/USDT
2025-06-15 12:00:00,3.783,3.798,3.773,3.798,53232.39,binance,DOT/USDT
2025-06-15 13:00:00,3.798,3.815,3.789,3.815,81553.48,binance,DOT/USDT
2025-06-15 14:00:00,3.814,3.834,3.794,3.826,168678.57,binance,DOT/USDT
2025-06-15 15:00:00,3.827,3.83,3.801,3.804,69982.45,binance,DOT/USDT
2025-06-15 16:00:00,3.804,3.812,3.78,3.793,79109.98,binance,DOT/USDT
2025-06-15 17:00:00,3.794,3.795,3.775,3.785,132670.96,binance,DOT/USDT
2025-06-15 18:00:00,3.784,3.788,3.766,3.786,50633.45,binance,DOT/USDT
2025-06-15 19:00:00,3.786,3.798,3.771,3.786,62104.28,binance,DOT/USDT
2025-06-15 20:00:00,3.786,3.787,3.736,3.752,111610.41,binance,DOT/USDT
2025-06-15 21:00:00,3.752,3.774,3.735,3.774,96671.33,binance,DOT/USDT
2025-06-15 22:00:00,3.774,3.823,3.769,3.817,153168.85,binance,DOT/USDT
2025-06-15 23:00:00,3.817,3.829,3.807,3.821,78572.4,binance,DOT/USDT
2025-06-16 00:00:00,3.821,3.828,3.802,3.818,90276.28,binance,DOT/USDT
2025-06-16 01:00:00,3.818,3.839,3.786,3.835,149486.83,binance,DOT/USDT
2025-06-16 02:00:00,3.834,3.859,3.834,3.85,182167.0,binance,DOT/USDT
2025-06-16 03:00:00,3.85,3.854,3.84,3.843,56335.25,binance,DOT/USDT
2025-06-16 04:00:00,3.843,3.867,3.842,3.854,121852.8,binance,DOT/USDT
2025-06-16 05:00:00,3.855,3.89,3.843,3.886,152965.7,binance,DOT/USDT
2025-06-16 06:00:00,3.886,3.902,3.881,3.888,139372.93,binance,DOT/USDT
2025-06-16 07:00:00,3.888,3.907,3.888,3.905,171345.36,binance,DOT/USDT
2025-06-16 08:00:00,3.905,3.916,3.887,3.91,127307.19,binance,DOT/USDT
2025-06-16 09:00:00,3.91,3.917,3.9,3.906,94054.42,binance,DOT/USDT
2025-06-16 10:00:00,3.906,3.918,3.887,3.899,135750.23,binance,DOT/USDT
2025-06-16 11:00:00,3.899,3.914,3.877,3.905,182257.64,binance,DOT/USDT
2025-06-16 12:00:00,3.906,3.913,3.887,3.904,105010.55,binance,DOT/USDT
2025-06-16 13:00:00,3.905,3.945,3.9,3.94,192154.42,binance,DOT/USDT
2025-06-16 14:00:00,3.94,3.957,3.93,3.947,318364.9,binance,DOT/USDT
2025-06-16 15:00:00,3.948,3.962,3.93,3.937,178034.04,binance,DOT/USDT
2025-06-16 16:00:00,3.938,3.979,3.938,3.957,190465.21,binance,DOT/USDT
2025-06-16 17:00:00,3.957,3.98,3.954,3.967,116773.38,binance,DOT/USDT
2025-06-16 18:00:00,3.967,3.983,3.965,3.978,142679.95,binance,DOT/USDT
2025-06-16 19:00:00,3.979,3.991,3.966,3.973,130683.46,binance,DOT/USDT
2025-06-16 20:00:00,3.973,3.991,3.96,3.983,167112.89,binance,DOT/USDT
2025-06-16 21:00:00,3.983,3.991,3.959,3.975,88909.91,binance,DOT/USDT
2025-06-16 22:00:00,3.975,3.984,3.871,3.898,407226.91,binance,DOT/USDT
2025-06-16 23:00:00,3.897,3.922,3.836,3.847,371279.14,binance,DOT/USDT
2025-06-17 00:00:00,3.846,3.887,3.773,3.883,487062.87,binance,DOT/USDT
2025-06-17 01:00:00,3.884,3.891,3.861,3.863,88199.15,binance,DOT/USDT
2025-06-17 02:00:00,3.864,3.887,3.839,3.884,189638.99,binance,DOT/USDT
2025-06-17 03:00:00,3.884,3.897,3.868,3.873,90014.6,binance,DOT/USDT
2025-06-17 04:00:00,3.873,3.874,3.861,3.866,104358.25,binance,DOT/USDT
2025-06-17 05:00:00,3.866,3.875,3.841,3.855,72753.71,binance,DOT/USDT
2025-06-17 06:00:00,3.854,3.867,3.836,3.843,91573.95,binance,DOT/USDT
2025-06-17 07:00:00,3.843,3.855,3.825,3.833,107848.88,binance,DOT/USDT
2025-06-17 08:00:00,3.833,3.836,3.785,3.796,220808.54,binance,DOT/USDT
2025-06-17 09:00:00,3.796,3.81,3.787,3.796,184265.72,binance,DOT/USDT
2025-06-17 10:00:00,3.795,3.8,3.77,3.795,209988.38,binance,DOT/USDT
2025-06-17 11:00:00,3.795,3.795,3.762,3.776,175209.67,binance,DOT/USDT
2025-06-17 12:00:00,3.776,3.788,3.76,3.766,111142.96,binance,DOT/USDT
2025-06-17 13:00:00,3.766,3.79,3.754,3.757,219735.49,binance,DOT/USDT
2025-06-17 14:00:00,3.759,3.789,3.743,3.747,236893.13,binance,DOT/USDT
2025-06-17 15:00:00,3.746,3.747,3.698,3.726,547156.85,binance,DOT/USDT
2025-06-17 16:00:00,3.726,3.728,3.666,3.669,501567.31,binance,DOT/USDT
2025-06-17 17:00:00,3.667,3.719,3.663,3.687,508584.22,binance,DOT/USDT
2025-06-17 18:00:00,3.687,3.726,3.681,3.724,170108.95,binance,DOT/USDT
2025-06-17 19:00:00,3.724,3.767,3.722,3.747,351674.46,binance,DOT/USDT
2025-06-17 20:00:00,3.746,3.755,3.727,3.73,147949.32,binance,DOT/USDT
2025-06-17 21:00:00,3.731,3.738,3.705,3.719,144405.8,binance,DOT/USDT
2025-06-17 22:00:00,3.72,3.721,3.697,3.7,103629.31,binance,DOT/USDT
2025-06-17 23:00:00,3.7,3.737,3.7,3.719,79964.57,binance,DOT/USDT
2025-06-18 00:00:00,3.719,3.751,3.716,3.745,113498.83,binance,DOT/USDT
2025-06-18 01:00:00,3.745,3.76,3.731,3.733,92500.76,binance,DOT/USDT
2025-06-18 02:00:00,3.734,3.747,3.727,3.731,121129.36,binance,DOT/USDT
2025-06-18 03:00:00,3.731,3.76,3.73,3.752,131126.34,binance,DOT/USDT
2025-06-18 04:00:00,3.753,3.78,3.748,3.775,77995.94,binance,DOT/USDT
2025-06-18 05:00:00,3.775,3.786,3.77,3.773,58737.13,binance,DOT/USDT
2025-06-18 06:00:00,3.773,3.777,3.741,3.752,88541.75,binance,DOT/USDT
2025-06-18 07:00:00,3.751,3.755,3.741,3.75,93536.29,binance,DOT/USDT
2025-06-18 08:00:00,3.751,3.76,3.715,3.73,95220.97,binance,DOT/USDT
2025-06-18 09:00:00,3.73,3.735,3.702,3.71,103891.62,binance,DOT/USDT
2025-06-18 10:00:00,3.711,3.711,3.635,3.647,396485.77,binance,DOT/USDT
2025-06-18 11:00:00,3.646,3.695,3.638,3.69,232756.96,binance,DOT/USDT
2025-06-18 12:00:00,3.691,3.699,3.642,3.648,337982.05,binance,DOT/USDT
2025-06-18 13:00:00,3.649,3.651,3.579,3.638,833793.89,binance,DOT/USDT
2025-06-18 14:00:00,3.638,3.69,3.626,3.644,505109.11,binance,DOT/USDT
2025-06-18 15:00:00,3.643,3.656,3.614,3.636,323559.62,binance,DOT/USDT
2025-06-18 16:00:00,3.635,3.639,3.593,3.609,343793.51,binance,DOT/USDT
2025-06-18 17:00:00,3.608,3.63,3.572,3.618,477359.46,binance,DOT/USDT
2025-06-18 18:00:00,3.618,3.645,3.583,3.587,588447.82,binance,DOT/USDT
2025-06-18 19:00:00,3.587,3.637,3.581,3.598,326455.72,binance,DOT/USDT
2025-06-18 20:00:00,3.597,3.675,3.589,3.664,283490.92,binance,DOT/USDT
2025-06-18 21:00:00,3.664,3.672,3.643,3.663,239132.93,binance,DOT/USDT
2025-06-18 22:00:00,3.661,3.67,3.633,3.636,186136.77,binance,DOT/USDT
2025-06-18 23:00:00,3.635,3.648,3.598,3.622,256822.73,binance,DOT/USDT
2025-06-19 00:00:00,3.622,3.657,3.603,3.629,308391.07,binance,DOT/USDT
2025-06-19 01:00:00,3.629,3.63,3.583,3.591,388482.4,binance,DOT/USDT
2025-06-19 02:00:00,3.591,3.612,3.582,3.591,423100.82,binance,DOT/USDT
2025-06-19 03:00:00,3.59,3.609,3.59,3.605,169597.3,binance,DOT/USDT
2025-06-19 04:00:00,3.605,3.609,3.584,3.605,215901.45,binance,DOT/USDT
2025-06-19 05:00:00,3.604,3.617,3.585,3.586,262598.7,binance,DOT/USDT
2025-06-19 06:00:00,3.586,3.595,3.561,3.569,330924.21,binance,DOT/USDT
2025-06-19 07:00:00,3.569,3.58,3.567,3.57,283795.79,binance,DOT/USDT
2025-06-19 08:00:00,3.57,3.585,3.558,3.559,261090.36,binance,DOT/USDT
2025-06-19 09:00:00,3.558,3.588,3.554,3.576,323736.37,binance,DOT/USDT
2025-06-19 10:00:00,3.576,3.586,3.564,3.57,242392.82,binance,DOT/USDT
2025-06-19 11:00:00,3.57,3.581,3.559,3.58,206213.5,binance,DOT/USDT
2025-06-19 12:00:00,3.58,3.591,3.568,3.584,202164.67,binance,DOT/USDT
2025-06-19 13:00:00,3.584,3.595,3.559,3.564,228987.68,binance,DOT/USDT
2025-06-19 14:00:00,3.564,3.581,3.534,3.538,338418.73,binance,DOT/USDT
2025-06-19 15:00:00,3.537,3.559,3.524,3.527,382117.78,binance,DOT/USDT
2025-06-19 16:00:00,3.526,3.538,3.496,3.502,553933.92,binance,DOT/USDT
2025-06-19 17:00:00,3.502,3.567,3.5,3.556,416637.05,binance,DOT/USDT
2025-06-19 18:00:00,3.555,3.58,3.548,3.569,161579.93,binance,DOT/USDT
2025-06-19 19:00:00,3.568,3.576,3.547,3.555,125105.57,binance,DOT/USDT
2025-06-19 20:00:00,3.555,3.571,3.543,3.551,93473.63,binance,DOT/USDT
2025-06-19 21:00:00,3.551,3.567,3.543,3.55,152815.67,binance,DOT/USDT
2025-06-19 22:00:00,3.55,3.573,3.55,3.558,163892.21,binance,DOT/USDT
2025-06-19 23:00:00,3.558,3.559,3.537,3.548,98295.39,binance,DOT/USDT
2025-06-20 00:00:00,3.547,3.563,3.54,3.55,125271.76,binance,DOT/USDT
2025-06-20 01:00:00,3.55,3.554,3.53,3.55,159575.11,binance,DOT/USDT
2025-06-20 02:00:00,3.551,3.552,3.521,3.526,114826.67,binance,DOT/USDT
2025-06-20 03:00:00,3.526,3.527,3.505,3.51,196495.35,binance,DOT/USDT
2025-06-20 04:00:00,3.51,3.514,3.467,3.474,498702.96,binance,DOT/USDT
2025-06-20 05:00:00,3.473,3.492,3.459,3.487,511672.62,binance,DOT/USDT
2025-06-20 06:00:00,3.488,3.498,3.47,3.477,242799.59,binance,DOT/USDT
2025-06-20 07:00:00,3.476,3.541,3.47,3.54,359872.53,binance,DOT/USDT
2025-06-20 08:00:00,3.54,3.566,3.528,3.537,361904.49,binance,DOT/USDT
2025-06-20 09:00:00,3.536,3.543,3.515,3.516,235099.72,binance,DOT/USDT
2025-06-20 10:00:00,3.516,3.535,3.497,3.529,189104.95,binance,DOT/USDT
2025-06-20 11:00:00,3.528,3.546,3.522,3.545,117344.0,binance,DOT/USDT
2025-06-20 12:00:00,3.545,3.571,3.545,3.561,221681.45,binance,DOT/USDT
2025-06-20 13:00:00,3.562,3.577,3.538,3.561,196790.41,binance,DOT/USDT
2025-06-20 14:00:00,3.56,3.574,3.476,3.479,312425.66,binance,DOT/USDT
2025-06-20 15:00:00,3.48,3.5,3.463,3.474,449648.72,binance,DOT/USDT
2025-06-20 16:00:00,3.474,3.476,3.423,3.427,469637.1,binance,DOT/USDT
2025-06-20 17:00:00,3.427,3.444,3.33,3.423,1725164.06,binance,DOT/USDT
2025-06-20 18:00:00,3.422,3.445,3.41,3.413,393524.78,binance,DOT/USDT
2025-06-20 19:00:00,3.413,3.429,3.395,3.423,202921.75,binance,DOT/USDT
2025-06-20 20:00:00,3.423,3.456,3.422,3.448,142513.13,binance,DOT/USDT
2025-06-20 21:00:00,3.448,3.452,3.43,3.433,172034.58,binance,DOT/USDT
2025-06-20 22:00:00,3.433,3.435,3.398,3.417,185389.66,binance,DOT/USDT
2025-06-20 23:00:00,3.418,3.441,3.409,3.437,145613.15,binance,DOT/USDT
2025-06-21 00:00:00,3.437,3.453,3.434,3.436,143340.28,binance,DOT/USDT
2025-06-21 01:00:00,3.436,3.462,3.434,3.462,142156.17,binance,DOT/USDT
2025-06-21 02:00:00,3.462,3.465,3.444,3.451,111572.23,binance,DOT/USDT
2025-06-21 03:00:00,3.45,3.462,3.445,3.459,82892.83,binance,DOT/USDT
2025-06-21 04:00:00,3.458,3.462,3.444,3.45,76426.01,binance,DOT/USDT
2025-06-21 05:00:00,3.451,3.485,3.45,3.484,167310.86,binance,DOT/USDT
2025-06-21 06:00:00,3.484,3.495,3.476,3.489,120348.35,binance,DOT/USDT
2025-06-21 07:00:00,3.489,3.496,3.476,3.481,161403.09,binance,DOT/USDT
2025-06-21 08:00:00,3.482,3.508,3.473,3.505,93975.82,binance,DOT/USDT
2025-06-21 09:00:00,3.505,3.506,3.487,3.491,151586.45,binance,DOT/USDT
2025-06-21 10:00:00,3.492,3.498,3.472,3.483,168377.22,binance,DOT/USDT
2025-06-21 11:00:00,3.482,3.484,3.46,3.462,147992.44,binance,DOT/USDT
2025-06-21 12:00:00,3.462,3.468,3.431,3.433,144823.32,binance,DOT/USDT
2025-06-21 13:00:00,3.434,3.444,3.402,3.405,191660.32,binance,DOT/USDT
2025-06-21 14:00:00,3.406,3.419,3.388,3.406,305790.98,binance,DOT/USDT
2025-06-21 15:00:00,3.407,3.414,3.39,3.41,212304.79,binance,DOT/USDT
2025-06-21 16:00:00,3.41,3.416,3.39,3.407,127057.87,binance,DOT/USDT
2025-06-21 17:00:00,3.405,3.424,3.374,3.384,192881.63,binance,DOT/USDT
2025-06-21 18:00:00,3.385,3.415,3.368,3.372,208006.63,binance,DOT/USDT
2025-06-21 19:00:00,3.371,3.377,3.344,3.347,390917.43,binance,DOT/USDT
2025-06-21 20:00:00,3.346,3.381,3.342,3.372,222135.92,binance,DOT/USDT
2025-06-21 21:00:00,3.372,3.376,3.209,3.274,1192208.88,binance,DOT/USDT
2025-06-21 22:00:00,3.277,3.318,3.271,3.316,330812.16,binance,DOT/USDT
2025-06-21 23:00:00,3.317,3.332,3.26,3.324,841385.69,binance,DOT/USDT
2025-06-22 00:00:00,3.325,3.363,3.3,3.34,441725.16,binance,DOT/USDT
2025-06-22 01:00:00,3.338,3.35,3.292,3.292,245639.32,binance,DOT/USDT
2025-06-22 02:00:00,3.293,3.309,3.252,3.269,328506.85,binance,DOT/USDT
2025-06-22 03:00:00,3.27,3.277,3.235,3.259,253163.04,binance,DOT/USDT
2025-06-22 04:00:00,3.26,3.289,3.248,3.278,194388.66,binance,DOT/USDT
2025-06-22 05:00:00,3.278,3.295,3.271,3.293,115188.3,binance,DOT/USDT
2025-06-22 06:00:00,3.292,3.322,3.286,3.318,103399.77,binance,DOT/USDT
2025-06-22 07:00:00,3.318,3.326,3.278,3.284,217616.65,binance,DOT/USDT
2025-06-22 08:00:00,3.284,3.302,3.269,3.29,162398.27,binance,DOT/USDT
2025-06-22 09:00:00,3.291,3.306,3.247,3.255,280398.3,binance,DOT/USDT
2025-06-22 10:00:00,3.257,3.295,3.249,3.274,160893.88,binance,DOT/USDT
2025-06-22 11:00:00,3.274,3.296,3.267,3.283,139420.08,binance,DOT/USDT
2025-06-22 12:00:00,3.282,3.298,3.253,3.288,136286.18,binance,DOT/USDT
2025-06-22 13:00:00,3.286,3.295,3.128,3.184,1714462.24,binance,DOT/USDT
2025-06-22 14:00:00,3.182,3.232,3.13,3.229,1098460.74,binance,DOT/USDT
2025-06-22 15:00:00,3.229,3.233,3.168,3.173,485541.06,binance,DOT/USDT
2025-06-22 16:00:00,3.174,3.181,3.147,3.165,328947.21,binance,DOT/USDT
2025-06-22 17:00:00,3.165,3.204,3.148,3.184,311082.84,binance,DOT/USDT
2025-06-22 18:00:00,3.185,3.192,3.163,3.166,288902.43,binance,DOT/USDT
2025-06-22 19:00:00,3.166,3.178,3.133,3.146,240949.04,binance,DOT/USDT
2025-06-22 20:00:00,3.146,3.149,3.007,3.106,2548962.06,binance,DOT/USDT
2025-06-22 21:00:00,3.106,3.136,3.064,3.071,378117.24,binance,DOT/USDT
2025-06-22 22:00:00,3.071,3.149,3.069,3.148,534710.0,binance,DOT/USDT
2025-06-22 23:00:00,3.148,3.16,3.131,3.153,310516.49,binance,DOT/USDT
2025-06-23 00:00:00,3.153,3.183,3.134,3.149,460478.34,binance,DOT/USDT
2025-06-23 01:00:00,3.15,3.16,3.123,3.16,175377.45,binance,DOT/USDT
2025-06-23 02:00:00,3.16,3.172,3.149,3.165,184752.94,binance,DOT/USDT
2025-06-23 03:00:00,3.165,3.182,3.155,3.179,154278.65,binance,DOT/USDT
2025-06-23 04:00:00,3.179,3.205,3.166,3.195,194126.98,binance,DOT/USDT
2025-06-23 05:00:00,3.195,3.238,3.194,3.227,242534.41,binance,DOT/USDT
2025-06-23 06:00:00,3.228,3.245,3.21,3.229,299299.02,binance,DOT/USDT
2025-06-23 07:00:00,3.23,3.247,3.199,3.215,252082.21,binance,DOT/USDT
2025-06-23 08:00:00,3.215,3.228,3.199,3.208,123940.28,binance,DOT/USDT
2025-06-23 09:00:00,3.207,3.211,3.191,3.201,145813.51,binance,DOT/USDT
2025-06-23 10:00:00,3.202,3.203,3.176,3.185,137903.73,binance,DOT/USDT
2025-06-23 11:00:00,3.185,3.202,3.171,3.193,136548.72,binance,DOT/USDT
2025-06-23 12:00:00,3.194,3.229,3.179,3.229,160275.46,binance,DOT/USDT
2025-06-23 13:00:00,3.229,3.289,3.188,3.28,648852.88,binance,DOT/USDT
2025-06-23 14:00:00,3.281,3.299,3.244,3.25,362443.76,binance,DOT/USDT
2025-06-23 15:00:00,3.25,3.27,3.204,3.207,229024.77,binance,DOT/USDT
2025-06-23 16:00:00,3.207,3.213,3.111,3.13,672200.2,binance,DOT/USDT
2025-06-23 17:00:00,3.13,3.246,3.118,3.229,622617.62,binance,DOT/USDT
2025-06-23 18:00:00,3.231,3.292,3.231,3.272,575878.23,binance,DOT/USDT
2025-06-23 19:00:00,3.272,3.296,3.255,3.284,208742.43,binance,DOT/USDT
2025-06-23 20:00:00,3.286,3.364,3.278,3.322,706257.34,binance,DOT/USDT
2025-06-23 21:00:00,3.322,3.338,3.298,3.306,320880.67,binance,DOT/USDT
2025-06-23 22:00:00,3.307,3.421,3.307,3.404,1332897.62,binance,DOT/USDT
2025-06-23 23:00:00,3.404,3.421,3.389,3.416,532372.53,binance,DOT/USDT
2025-06-24 00:00:00,3.416,3.432,3.396,3.415,333160.61,binance,DOT/USDT
2025-06-24 01:00:00,3.415,3.427,3.404,3.421,168917.38,binance,DOT/USDT
2025-06-24 02:00:00,3.42,3.426,3.389,3.393,237930.68,binance,DOT/USDT
2025-06-24 03:00:00,3.393,3.408,3.386,3.401,160379.36,binance,DOT/USDT
2025-06-24 04:00:00,3.401,3.407,3.386,3.398,109221.99,binance,DOT/USDT
2025-06-24 05:00:00,3.398,3.472,3.393,3.468,282894.78,binance,DOT/USDT
2025-06-24 06:00:00,3.469,3.483,3.452,3.473,264671.25,binance,DOT/USDT
2025-06-24 07:00:00,3.472,3.485,3.41,3.414,467806.39,binance,DOT/USDT
2025-06-24 08:00:00,3.414,3.421,3.385,3.405,230773.3,binance,DOT/USDT
2025-06-24 09:00:00,3.404,3.451,3.401,3.416,161280.36,binance,DOT/USDT
2025-06-24 10:00:00,3.416,3.431,3.411,3.426,114864.17,binance,DOT/USDT
2025-06-24 11:00:00,3.425,3.435,3.406,3.429,143893.12,binance,DOT/USDT
2025-06-24 12:00:00,3.43,3.442,3.415,3.43,156272.3,binance,DOT/USDT
2025-06-24 13:00:00,3.43,3.449,3.417,3.439,165391.22,binance,DOT/USDT
2025-06-24 14:00:00,3.439,3.479,3.435,3.464,236796.31,binance,DOT/USDT
2025-06-24 15:00:00,3.464,3.475,3.433,3.449,158826.62,binance,DOT/USDT
2025-06-24 16:00:00,3.45,3.52,3.449,3.516,324667.22,binance,DOT/USDT
2025-06-24 17:00:00,3.516,3.525,3.46,3.467,256964.24,binance,DOT/USDT
2025-06-24 18:00:00,3.467,3.473,3.435,3.447,110794.42,binance,DOT/USDT
2025-06-24 19:00:00,3.446,3.449,3.416,3.432,91811.84,binance,DOT/USDT
2025-06-24 20:00:00,3.432,3.463,3.424,3.461,87670.47,binance,DOT/USDT
2025-06-24 21:00:00,3.46,3.462,3.435,3.456,109383.16,binance,DOT/USDT
2025-06-24 22:00:00,3.456,3.457,3.437,3.452,114802.74,binance,DOT/USDT
2025-06-24 23:00:00,3.453,3.453,3.419,3.439,198612.82,binance,DOT/USDT
2025-06-25 00:00:00,3.438,3.449,3.408,3.446,181140.97,binance,DOT/USDT
2025-06-25 01:00:00,3.445,3.452,3.413,3.433,117450.77,binance,DOT/USDT
2025-06-25 02:00:00,3.433,3.459,3.427,3.441,147053.19,binance,DOT/USDT
2025-06-25 03:00:00,3.441,3.456,3.424,3.427,74780.68,binance,DOT/USDT
2025-06-25 04:00:00,3.427,3.432,3.41,3.416,86247.73,binance,DOT/USDT
2025-06-25 05:00:00,3.416,3.423,3.4,3.405,111202.81,binance,DOT/USDT
2025-06-25 06:00:00,3.405,3.422,3.397,3.421,74055.0,binance,DOT/USDT
2025-06-25 07:00:00,3.421,3.442,3.411,3.43,92270.17,binance,DOT/USDT
2025-06-25 08:00:00,3.429,3.442,3.389,3.409,262802.32,binance,DOT/USDT
2025-06-25 09:00:00,3.408,3.42,3.374,3.391,219464.38,binance,DOT/USDT
2025-06-25 10:00:00,3.392,3.404,3.381,3.397,139508.48,binance,DOT/USDT
2025-06-25 11:00:00,3.397,3.425,3.387,3.424,106243.66,binance,DOT/USDT
2025-06-25 12:00:00,3.424,3.425,3.403,3.415,151451.53,binance,DOT/USDT
2025-06-25 13:00:00,3.414,3.465,3.411,3.449,351193.0,binance,DOT/USDT
2025-06-25 14:00:00,3.449,3.449,3.377,3.411,360838.34,binance,DOT/USDT
2025-06-25 15:00:00,3.41,3.41,3.351,3.362,397740.56,binance,DOT/USDT
2025-06-25 16:00:00,3.362,3.384,3.346,3.357,200485.33,binance,DOT/USDT
2025-06-25 17:00:00,3.358,3.409,3.354,3.39,175341.86,binance,DOT/USDT
2025-06-25 18:00:00,3.389,3.397,3.375,3.387,89176.7,binance,DOT/USDT
2025-06-25 19:00:00,3.386,3.414,3.386,3.396,123071.08,binance,DOT/USDT
2025-06-25 20:00:00,3.395,3.41,3.385,3.405,70940.08,binance,DOT/USDT
2025-06-25 21:00:00,3.405,3.417,3.372,3.382,157994.27,binance,DOT/USDT
2025-06-25 22:00:00,3.38,3.38,3.349,3.359,105564.93,binance,DOT/USDT
2025-06-25 23:00:00,3.358,3.36,3.341,3.352,98287.58,binance,DOT/USDT
2025-06-26 00:00:00,3.352,3.373,3.343,3.355,89625.86,binance,DOT/USDT
2025-06-26 01:00:00,3.355,3.4,3.334,3.378,199504.91,binance,DOT/USDT
2025-06-26 02:00:00,3.378,3.407,3.366,3.403,207878.11,binance,DOT/USDT
2025-06-26 03:00:00,3.403,3.433,3.375,3.381,232639.96,binance,DOT/USDT
2025-06-26 04:00:00,3.381,3.384,3.333,3.357,408936.4,binance,DOT/USDT
2025-06-26 05:00:00,3.357,3.357,3.335,3.346,97157.48,binance,DOT/USDT
2025-06-26 06:00:00,3.345,3.366,3.34,3.364,80348.07,binance,DOT/USDT
2025-06-26 07:00:00,3.364,3.396,3.359,3.373,305565.68,binance,DOT/USDT
2025-06-26 08:00:00,3.374,3.382,3.35,3.356,197292.79,binance,DOT/USDT
2025-06-26 09:00:00,3.356,3.361,3.324,3.328,159243.28,binance,DOT/USDT
2025-06-26 10:00:00,3.328,3.342,3.323,3.338,121108.11,binance,DOT/USDT
2025-06-26 11:00:00,3.338,3.339,3.311,3.328,170042.45,binance,DOT/USDT
2025-06-26 12:00:00,3.328,3.331,3.291,3.298,145368.94,binance,DOT/USDT
2025-06-26 13:00:00,3.299,3.306,3.272,3.282,242054.2,binance,DOT/USDT
2025-06-26 14:00:00,3.28,3.332,3.271,3.311,168907.36,binance,DOT/USDT
2025-06-26 15:00:00,3.312,3.325,3.282,3.313,258042.38,binance,DOT/USDT
2025-06-26 16:00:00,3.313,3.315,3.288,3.296,131168.9,binance,DOT/USDT
2025-06-26 17:00:00,3.298,3.321,3.287,3.289,123165.48,binance,DOT/USDT
2025-06-26 18:00:00,3.289,3.313,3.286,3.298,117436.15,binance,DOT/USDT
2025-06-26 19:00:00,3.298,3.331,3.293,3.322,95288.31,binance,DOT/USDT
2025-06-26 20:00:00,3.322,3.356,3.316,3.345,113939.88,binance,DOT/USDT
2025-06-26 21:00:00,3.344,3.344,3.295,3.314,184543.17,binance,DOT/USDT
2025-06-26 22:00:00,3.313,3.328,3.297,3.299,84561.5,binance,DOT/USDT
2025-06-26 23:00:00,3.3,3.306,3.292,3.299,46330.41,binance,DOT/USDT
2025-06-27 00:00:00,3.299,3.321,3.282,3.288,94159.76,binance,DOT/USDT
2025-06-27 01:00:00,3.287,3.346,3.274,3.339,183748.3,binance,DOT/USDT
2025-06-27 02:00:00,3.339,3.351,3.333,3.346,49752.25,binance,DOT/USDT
2025-06-27 03:00:00,3.346,3.355,3.34,3.346,93824.91,binance,DOT/USDT
2025-06-27 04:00:00,3.345,3.365,3.333,3.358,382262.33,binance,DOT/USDT
2025-06-27 05:00:00,3.357,3.378,3.31,3.311,326144.04,binance,DOT/USDT
2025-06-27 06:00:00,3.311,3.32,3.29,3.312,436154.13,binance,DOT/USDT
2025-06-27 07:00:00,3.312,3.327,3.287,3.296,121683.87,binance,DOT/USDT
2025-06-27 08:00:00,3.295,3.332,3.294,3.323,146219.53,binance,DOT/USDT
2025-06-27 09:00:00,3.323,3.328,3.309,3.323,105325.43,binance,DOT/USDT
2025-06-27 10:00:00,3.324,3.325,3.304,3.306,77362.18,binance,DOT/USDT
2025-06-27 11:00:00,3.307,3.319,3.302,3.311,57174.95,binance,DOT/USDT
2025-06-27 12:00:00,3.311,3.327,3.294,3.296,118629.91,binance,DOT/USDT
2025-06-27 13:00:00,3.297,3.33,3.293,3.323,259884.05,binance,DOT/USDT
2025-06-27 14:00:00,3.324,3.343,3.314,3.326,155988.5,binance,DOT/USDT
2025-06-27 15:00:00,3.325,3.362,3.317,3.356,205151.33,binance,DOT/USDT
2025-06-27 16:00:00,3.357,3.394,3.348,3.374,244029.0,binance,DOT/USDT
2025-06-27 17:00:00,3.374,3.379,3.323,3.331,211045.72,binance,DOT/USDT
2025-06-27 18:00:00,3.33,3.333,3.294,3.301,216387.98,binance,DOT/USDT
2025-06-27 19:00:00,3.3,3.332,3.297,3.327,123973.45,binance,DOT/USDT
2025-06-27 20:00:00,3.326,3.346,3.319,3.344,86591.17,binance,DOT/USDT
2025-06-27 21:00:00,3.345,3.363,3.338,3.356,81174.25,binance,DOT/USDT
2025-06-27 22:00:00,3.356,3.378,3.356,3.368,109098.92,binance,DOT/USDT
2025-06-27 23:00:00,3.367,3.367,3.348,3.359,70080.55,binance,DOT/USDT
2025-06-28 00:00:00,3.36,3.369,3.353,3.356,77602.2,binance,DOT/USDT
2025-06-28 01:00:00,3.356,3.376,3.348,3.374,70046.82,binance,DOT/USDT
2025-06-28 02:00:00,3.374,3.388,3.364,3.364,81056.18,binance,DOT/USDT
2025-06-28 03:00:00,3.364,3.368,3.359,3.361,60808.57,binance,DOT/USDT
2025-06-28 04:00:00,3.36,3.36,3.347,3.351,87020.82,binance,DOT/USDT
2025-06-28 05:00:00,3.351,3.361,3.345,3.347,32815.26,binance,DOT/USDT
2025-06-28 06:00:00,3.347,3.357,3.339,3.349,47046.88,binance,DOT/USDT
2025-06-28 07:00:00,3.35,3.356,3.341,3.353,30808.07,binance,DOT/USDT
2025-06-28 08:00:00,3.354,3.357,3.333,3.336,48343.72,binance,DOT/USDT
2025-06-28 09:00:00,3.335,3.356,3.33,3.348,39326.71,binance,DOT/USDT
2025-06-28 10:00:00,3.348,3.361,3.343,3.353,46545.91,binance,DOT/USDT
2025-06-28 11:00:00,3.353,3.362,3.352,3.357,49942.85,binance,DOT/USDT
2025-06-28 12:00:00,3.357,3.359,3.349,3.351,61599.43,binance,DOT/USDT
2025-06-28 13:00:00,3.352,3.358,3.34,3.34,64471.44,binance,DOT/USDT
2025-06-28 14:00:00,3.341,3.357,3.34,3.353,66584.17,binance,DOT/USDT
2025-06-28 15:00:00,3.354,3.376,3.348,3.375,72184.97,binance,DOT/USDT
2025-06-28 16:00:00,3.374,3.391,3.366,3.369,123701.27,binance,DOT/USDT
2025-06-28 17:00:00,3.37,3.397,3.365,3.392,115865.91,binance,DOT/USDT
2025-06-28 18:00:00,3.394,3.397,3.379,3.397,121466.69,binance,DOT/USDT
2025-06-28 19:00:00,3.397,3.419,3.395,3.403,127275.51,binance,DOT/USDT
2025-06-28 20:00:00,3.404,3.416,3.399,3.402,112647.2,binance,DOT/USDT
2025-06-28 21:00:00,3.401,3.416,3.391,3.415,102895.79,binance,DOT/USDT
2025-06-28 22:00:00,3.415,3.426,3.407,3.415,74943.96,binance,DOT/USDT
2025-06-28 23:00:00,3.416,3.417,3.4,3.407,151680.31,binance,DOT/USDT
2025-06-29 00:00:00,3.408,3.425,3.402,3.411,119809.98,binance,DOT/USDT
2025-06-29 01:00:00,3.411,3.412,3.391,3.393,35465.0,binance,DOT/USDT
2025-06-29 02:00:00,3.392,3.397,3.384,3.392,60683.77,binance,DOT/USDT
2025-06-29 03:00:00,3.392,3.398,3.381,3.382,40794.16,binance,DOT/USDT
2025-06-29 04:00:00,3.381,3.39,3.38,3.386,34142.51,binance,DOT/USDT
2025-06-29 05:00:00,3.385,3.397,3.379,3.397,34328.83,binance,DOT/USDT
2025-06-29 06:00:00,3.396,3.411,3.395,3.409,44772.73,binance,DOT/USDT
2025-06-29 07:00:00,3.409,3.41,3.397,3.41,39931.81,binance,DOT/USDT
2025-06-29 08:00:00,3.41,3.423,3.408,3.423,72561.21,binance,DOT/USDT
2025-06-29 09:00:00,3.423,3.43,3.414,3.423,76228.16,binance,DOT/USDT
2025-06-29 10:00:00,3.423,3.438,3.416,3.428,113169.81,binance,DOT/USDT
2025-06-29 11:00:00,3.428,3.438,3.421,3.436,81748.24,binance,DOT/USDT
2025-06-29 12:00:00,3.434,3.44,3.422,3.437,98507.21,binance,DOT/USDT
2025-06-29 13:00:00,3.437,3.441,3.418,3.419,129447.87,binance,DOT/USDT
2025-06-29 14:00:00,3.419,3.428,3.403,3.406,142112.29,binance,DOT/USDT
2025-06-29 15:00:00,3.406,3.41,3.393,3.401,86780.28,binance,DOT/USDT
2025-06-29 16:00:00,3.401,3.419,3.397,3.419,102421.07,binance,DOT/USDT
2025-06-29 17:00:00,3.419,3.423,3.404,3.422,60654.5,binance,DOT/USDT
2025-06-29 18:00:00,3.423,3.439,3.418,3.434,69483.27,binance,DOT/USDT
2025-06-29 19:00:00,3.434,3.439,3.424,3.432,96492.6,binance,DOT/USDT
2025-06-29 20:00:00,3.432,3.436,3.418,3.418,81913.83,binance,DOT/USDT
2025-06-29 21:00:00,3.418,3.442,3.402,3.442,112549.07,binance,DOT/USDT
2025-06-29 22:00:00,3.443,3.579,3.443,3.567,774263.5,binance,DOT/USDT
2025-06-29 23:00:00,3.568,3.582,3.541,3.541,292571.98,binance,DOT/USDT
2025-06-30 00:00:00,3.542,3.56,3.532,3.541,252072.9,binance,DOT/USDT
2025-06-30 01:00:00,3.54,3.541,3.507,3.51,143485.01,binance,DOT/USDT
2025-06-30 02:00:00,3.51,3.512,3.485,3.487,132410.23,binance,DOT/USDT
2025-06-30 03:00:00,3.487,3.493,3.471,3.479,118604.3,binance,DOT/USDT
2025-06-30 04:00:00,3.478,3.482,3.447,3.453,96078.54,binance,DOT/USDT
2025-06-30 05:00:00,3.453,3.462,3.447,3.46,68054.63,binance,DOT/USDT
2025-06-30 06:00:00,3.46,3.467,3.413,3.431,176913.5,binance,DOT/USDT
2025-06-30 07:00:00,3.431,3.464,3.422,3.459,95499.84,binance,DOT/USDT
2025-06-30 08:00:00,3.459,3.465,3.427,3.429,95361.07,binance,DOT/USDT
2025-06-30 09:00:00,3.429,3.44,3.415,3.417,92528.88,binance,DOT/USDT
2025-06-30 10:00:00,3.416,3.423,3.411,3.415,87138.02,binance,DOT/USDT
2025-06-30 11:00:00,3.415,3.436,3.41,3.42,146287.17,binance,DOT/USDT
2025-06-30 12:00:00,3.42,3.431,3.391,3.403,205202.38,binance,DOT/USDT
2025-06-30 13:00:00,3.402,3.426,3.396,3.402,105932.63,binance,DOT/USDT
2025-06-30 14:00:00,3.401,3.414,3.381,3.386,262324.9,binance,DOT/USDT
2025-06-30 15:00:00,3.388,3.457,3.352,3.396,514650.12,binance,DOT/USDT
2025-06-30 16:00:00,3.397,3.413,3.383,3.404,139174.1,binance,DOT/USDT
2025-06-30 17:00:00,3.404,3.422,3.396,3.4,149611.27,binance,DOT/USDT
2025-06-30 18:00:00,3.399,3.412,3.383,3.388,96705.54,binance,DOT/USDT
2025-06-30 19:00:00,3.389,3.46,3.388,3.456,183061.59,binance,DOT/USDT
2025-06-30 20:00:00,3.457,3.465,3.426,3.429,161008.49,binance,DOT/USDT
2025-06-30 21:00:00,3.429,3.435,3.4,3.41,136130.71,binance,DOT/USDT
2025-06-30 22:00:00,3.411,3.421,3.401,3.405,89407.23,binance,DOT/USDT
2025-06-30 23:00:00,3.404,3.418,3.393,3.397,130026.88,binance,DOT/USDT
2025-07-01 00:00:00,3.397,3.42,3.386,3.399,106198.99,binance,DOT/USDT
2025-07-01 01:00:00,3.4,3.419,3.389,3.393,159022.75,binance,DOT/USDT
2025-07-01 02:00:00,3.392,3.408,3.378,3.38,77977.82,binance,DOT/USDT
2025-07-01 03:00:00,3.381,3.39,3.373,3.385,63924.87,binance,DOT/USDT
2025-07-01 04:00:00,3.383,3.383,3.338,3.341,221387.96,binance,DOT/USDT
2025-07-01 05:00:00,3.342,3.348,3.327,3.338,117172.45,binance,DOT/USDT
2025-07-01 06:00:00,3.338,3.344,3.326,3.337,88539.64,binance,DOT/USDT
2025-07-01 07:00:00,3.338,3.36,3.314,3.355,153319.04,binance,DOT/USDT
2025-07-01 08:00:00,3.354,3.354,3.328,3.332,92264.97,binance,DOT/USDT
2025-07-01 09:00:00,3.332,3.341,3.325,3.337,175357.84,binance,DOT/USDT
2025-07-01 10:00:00,3.337,3.354,3.323,3.336,164489.94,binance,DOT/USDT
2025-07-01 11:00:00,3.335,3.339,3.322,3.335,118290.73,binance,DOT/USDT
2025-07-01 12:00:00,3.336,3.34,3.324,3.328,123057.16,binance,DOT/USDT
2025-07-01 13:00:00,3.328,3.347,3.308,3.344,215325.97,binance,DOT/USDT
2025-07-01 14:00:00,3.343,3.362,3.321,3.349,272561.84,binance,DOT/USDT
2025-07-01 15:00:00,3.348,3.356,3.324,3.331,211479.69,binance,DOT/USDT
2025-07-01 16:00:00,3.332,3.349,3.327,3.335,91700.29,binance,DOT/USDT
2025-07-01 17:00:00,3.336,3.337,3.317,3.328,73225.67,binance,DOT/USDT
2025-07-01 18:00:00,3.328,3.328,3.286,3.293,178968.12,binance,DOT/USDT
2025-07-01 19:00:00,3.292,3.306,3.281,3.283,178066.09,binance,DOT/USDT
2025-07-01 20:00:00,3.282,3.299,3.264,3.287,265824.14,binance,DOT/USDT
2025-07-01 21:00:00,3.286,3.301,3.27,3.289,85847.17,binance,DOT/USDT
2025-07-01 22:00:00,3.287,3.298,3.273,3.278,86771.75,binance,DOT/USDT
2025-07-01 23:00:00,3.277,3.284,3.256,3.281,114582.9,binance,DOT/USDT
2025-07-02 00:00:00,3.28,3.284,3.264,3.268,120586.92,binance,DOT/USDT
2025-07-02 01:00:00,3.269,3.296,3.241,3.289,212903.51,binance,DOT/USDT
2025-07-02 02:00:00,3.29,3.296,3.276,3.286,69950.51,binance,DOT/USDT
2025-07-02 03:00:00,3.287,3.315,3.286,3.301,90433.72,binance,DOT/USDT
2025-07-02 04:00:00,3.301,3.331,3.296,3.33,84139.5,binance,DOT/USDT
2025-07-02 05:00:00,3.33,3.34,3.324,3.334,97899.32,binance,DOT/USDT
2025-07-02 06:00:00,3.335,3.34,3.322,3.337,168259.8,binance,DOT/USDT
2025-07-02 07:00:00,3.337,3.339,3.312,3.314,80106.86,binance,DOT/USDT
2025-07-02 08:00:00,3.315,3.321,3.302,3.307,174754.49,binance,DOT/USDT
2025-07-02 09:00:00,3.308,3.314,3.301,3.305,84554.93,binance,DOT/USDT
2025-07-02 10:00:00,3.305,3.324,3.295,3.321,91395.92,binance,DOT/USDT
2025-07-02 11:00:00,3.321,3.337,3.317,3.325,111927.9,binance,DOT/USDT
2025-07-02 12:00:00,3.326,3.33,3.317,3.33,92964.34,binance,DOT/USDT
2025-07-02 13:00:00,3.329,3.363,3.327,3.355,134562.16,binance,DOT/USDT
2025-07-02 14:00:00,3.356,3.393,3.352,3.393,200270.2,binance,DOT/USDT
2025-07-02 15:00:00,3.393,3.433,3.381,3.432,653793.01,binance,DOT/USDT
2025-07-02 16:00:00,3.433,3.563,3.433,3.552,1521892.0,binance,DOT/USDT
2025-07-02 17:00:00,3.553,3.589,3.52,3.56,1048701.05,binance,DOT/USDT
2025-07-02 18:00:00,3.562,3.59,3.562,3.577,493311.94,binance,DOT/USDT
2025-07-02 19:00:00,3.577,3.585,3.557,3.579,279877.08,binance,DOT/USDT
2025-07-02 20:00:00,3.581,3.609,3.569,3.583,397478.09,binance,DOT/USDT
2025-07-02 21:00:00,3.583,3.614,3.577,3.605,310523.3,binance,DOT/USDT
2025-07-02 22:00:00,3.606,3.625,3.59,3.594,222906.59,binance,DOT/USDT
2025-07-02 23:00:00,3.592,3.595,3.539,3.545,196715.84,binance,DOT/USDT
2025-07-03 00:00:00,3.545,3.564,3.534,3.548,139198.11,binance,DOT/USDT
2025-07-03 01:00:00,3.549,3.571,3.538,3.567,181298.09,binance,DOT/USDT
2025-07-03 02:00:00,3.568,3.571,3.531,3.553,124098.01,binance,DOT/USDT
2025-07-03 03:00:00,3.553,3.559,3.533,3.535,115759.88,binance,DOT/USDT
2025-07-03 04:00:00,3.535,3.564,3.532,3.564,78379.32,binance,DOT/USDT
2025-07-03 05:00:00,3.564,3.619,3.562,3.614,282200.94,binance,DOT/USDT
2025-07-03 06:00:00,3.614,3.651,3.602,3.638,328383.75,binance,DOT/USDT
2025-07-03 07:00:00,3.638,3.665,3.624,3.654,281960.36,binance,DOT/USDT
2025-07-03 08:00:00,3.655,3.66,3.619,3.62,351355.23,binance,DOT/USDT
2025-07-03 09:00:00,3.621,3.645,3.62,3.633,239646.0,binance,DOT/USDT
2025-07-03 10:00:00,3.634,3.636,3.594,3.606,298372.53,binance,DOT/USDT
2025-07-03 11:00:00,3.606,3.607,3.58,3.59,110853.79,binance,DOT/USDT
2025-07-03 12:00:00,3.589,3.623,3.541,3.578,418066.84,binance,DOT/USDT
2025-07-03 13:00:00,3.576,3.625,3.563,3.609,1026610.42,binance,DOT/USDT
2025-07-03 14:00:00,3.609,3.627,3.557,3.563,465948.69,binance,DOT/USDT
2025-07-03 15:00:00,3.563,3.573,3.499,3.506,505455.84,binance,DOT/USDT
2025-07-03 16:00:00,3.507,3.537,3.504,3.525,178329.48,binance,DOT/USDT
2025-07-03 17:00:00,3.525,3.544,3.525,3.544,114563.6,binance,DOT/USDT
2025-07-03 18:00:00,3.544,3.552,3.529,3.535,82474.7,binance,DOT/USDT
2025-07-03 19:00:00,3.536,3.552,3.534,3.546,109199.39,binance,DOT/USDT
2025-07-03 20:00:00,3.547,3.563,3.545,3.56,90343.31,binance,DOT/USDT
2025-07-03 21:00:00,3.56,3.567,3.541,3.551,94728.98,binance,DOT/USDT
2025-07-03 22:00:00,3.551,3.555,3.542,3.552,51620.66,binance,DOT/USDT
2025-07-03 23:00:00,3.551,3.551,3.531,3.539,51012.8,binance,DOT/USDT
2025-07-04 00:00:00,3.539,3.556,3.529,3.546,95485.14,binance,DOT/USDT
2025-07-04 01:00:00,3.544,3.561,3.539,3.541,50227.81,binance,DOT/USDT
2025-07-04 02:00:00,3.54,3.54,3.504,3.509,438863.72,binance,DOT/USDT
2025-07-04 03:00:00,3.509,3.526,3.506,3.517,65599.48,binance,DOT/USDT
2025-07-04 04:00:00,3.517,3.526,3.491,3.491,232074.15,binance,DOT/USDT
2025-07-04 05:00:00,3.492,3.512,3.489,3.495,68426.25,binance,DOT/USDT
2025-07-04 06:00:00,3.495,3.495,3.47,3.48,156131.73,binance,DOT/USDT
2025-07-04 07:00:00,3.48,3.486,3.444,3.446,360347.42,binance,DOT/USDT
2025-07-04 08:00:00,3.446,3.464,3.412,3.451,394083.25,binance,DOT/USDT
2025-07-04 09:00:00,3.45,3.46,3.442,3.448,144904.27,binance,DOT/USDT
2025-07-04 10:00:00,3.447,3.454,3.428,3.432,94601.2,binance,DOT/USDT
2025-07-04 11:00:00,3.432,3.446,3.425,3.438,199180.3,binance,DOT/USDT
2025-07-04 12:00:00,3.436,3.444,3.422,3.429,142283.97,binance,DOT/USDT
2025-07-04 13:00:00,3.428,3.437,3.396,3.401,293143.66,binance,DOT/USDT
2025-07-04 14:00:00,3.401,3.404,3.363,3.383,442316.04,binance,DOT/USDT
2025-07-04 15:00:00,3.382,3.385,3.35,3.352,269590.15,binance,DOT/USDT
2025-07-04 16:00:00,3.352,3.356,3.313,3.336,555442.68,binance,DOT/USDT
2025-07-04 17:00:00,3.336,3.341,3.317,3.336,245375.64,binance,DOT/USDT
2025-07-04 18:00:00,3.336,3.344,3.318,3.337,132423.38,binance,DOT/USDT
2025-07-04 19:00:00,3.337,3.349,3.325,3.329,110275.68,binance,DOT/USDT
2025-07-04 20:00:00,3.329,3.395,3.324,3.344,800318.98,binance,DOT/USDT
2025-07-04 21:00:00,3.345,3.357,3.335,3.354,148113.56,binance,DOT/USDT
2025-07-04 22:00:00,3.354,3.374,3.349,3.374,114879.51,binance,DOT/USDT
2025-07-04 23:00:00,3.374,3.375,3.351,3.358,105184.4,binance,DOT/USDT
2025-07-05 00:00:00,3.358,3.384,3.357,3.382,189171.39,binance,DOT/USDT
2025-07-05 01:00:00,3.382,3.382,3.351,3.36,84730.63,binance,DOT/USDT
2025-07-05 02:00:00,3.36,3.368,3.336,3.361,120664.04,binance,DOT/USDT
2025-07-05 03:00:00,3.362,3.375,3.362,3.368,73666.1,binance,DOT/USDT
2025-07-05 04:00:00,3.369,3.376,3.349,3.35,91778.3,binance,DOT/USDT
2025-07-05 05:00:00,3.349,3.372,3.345,3.371,60322.27,binance,DOT/USDT
2025-07-05 06:00:00,3.371,3.388,3.364,3.388,100143.87,binance,DOT/USDT
2025-07-05 07:00:00,3.387,3.39,3.368,3.373,89177.55,binance,DOT/USDT
2025-07-05 08:00:00,3.373,3.383,3.355,3.364,92188.51,binance,DOT/USDT
2025-07-05 09:00:00,3.363,3.365,3.345,3.364,88008.86,binance,DOT/USDT
2025-07-05 10:00:00,3.363,3.373,3.357,3.358,79630.53,binance,DOT/USDT
2025-07-05 11:00:00,3.359,3.378,3.359,3.364,81248.55,binance,DOT/USDT
2025-07-05 12:00:00,3.364,3.366,3.342,3.359,109216.46,binance,DOT/USDT
2025-07-05 13:00:00,3.359,3.363,3.346,3.346,47594.88,binance,DOT/USDT
2025-07-05 14:00:00,3.347,3.354,3.338,3.352,100645.35,binance,DOT/USDT
2025-07-05 15:00:00,3.352,3.357,3.339,3.346,120950.89,binance,DOT/USDT
2025-07-05 16:00:00,3.345,3.35,3.325,3.345,206654.16,binance,DOT/USDT
2025-07-05 17:00:00,3.345,3.351,3.325,3.338,84456.33,binance,DOT/USDT
2025-07-05 18:00:00,3.338,3.338,3.308,3.312,123683.68,binance,DOT/USDT
2025-07-05 19:00:00,3.313,3.34,3.309,3.339,52142.67,binance,DOT/USDT
2025-07-05 20:00:00,3.338,3.348,3.33,3.348,81543.5,binance,DOT/USDT
2025-07-05 21:00:00,3.348,3.358,3.342,3.351,53853.61,binance,DOT/USDT
2025-07-05 22:00:00,3.35,3.359,3.342,3.358,44169.51,binance,DOT/USDT
2025-07-05 23:00:00,3.359,3.363,3.35,3.356,61863.43,binance,DOT/USDT
2025-07-06 00:00:00,3.356,3.359,3.348,3.357,52831.1,binance,DOT/USDT
2025-07-06 01:00:00,3.356,3.358,3.343,3.35,60057.73,binance,DOT/USDT
2025-07-06 02:00:00,3.35,3.353,3.338,3.338,63287.2,binance,DOT/USDT
2025-07-06 03:00:00,3.338,3.346,3.337,3.344,31314.94,binance,DOT/USDT
2025-07-06 04:00:00,3.344,3.353,3.342,3.343,35077.52,binance,DOT/USDT
2025-07-06 05:00:00,3.342,3.344,3.328,3.33,88293.8,binance,DOT/USDT
2025-07-06 06:00:00,3.331,3.349,3.328,3.346,102629.03,binance,DOT/USDT
2025-07-06 07:00:00,3.347,3.357,3.344,3.347,34006.17,binance,DOT/USDT
2025-07-06 08:00:00,3.348,3.364,3.337,3.355,86875.02,binance,DOT/USDT
2025-07-06 09:00:00,3.355,3.36,3.344,3.344,77573.16,binance,DOT/USDT
2025-07-06 10:00:00,3.344,3.361,3.341,3.355,88821.93,binance,DOT/USDT
2025-07-06 11:00:00,3.354,3.371,3.351,3.369,72675.54,binance,DOT/USDT
2025-07-06 12:00:00,3.37,3.378,3.347,3.377,143825.21,binance,DOT/USDT
2025-07-06 13:00:00,3.378,3.423,3.369,3.409,616913.69,binance,DOT/USDT
2025-07-06 14:00:00,3.41,3.416,3.378,3.395,236968.75,binance,DOT/USDT
2025-07-06 15:00:00,3.396,3.398,3.381,3.389,177719.07,binance,DOT/USDT
2025-07-06 16:00:00,3.39,3.403,3.383,3.403,222835.87,binance,DOT/USDT
2025-07-06 17:00:00,3.404,3.407,3.384,3.4,96724.5,binance,DOT/USDT
2025-07-06 18:00:00,3.4,3.402,3.369,3.385,148368.32,binance,DOT/USDT
2025-07-06 19:00:00,3.386,3.395,3.379,3.391,69655.15,binance,DOT/USDT
2025-07-06 20:00:00,3.392,3.405,3.359,3.38,567511.27,binance,DOT/USDT
2025-07-06 21:00:00,3.38,3.44,3.38,3.419,281886.48,binance,DOT/USDT
2025-07-06 22:00:00,3.42,3.448,3.416,3.418,213728.49,binance,DOT/USDT
2025-07-06 23:00:00,3.418,3.422,3.386,3.395,201430.69,binance,DOT/USDT
2025-07-07 00:00:00,3.395,3.401,3.381,3.391,68876.55,binance,DOT/USDT
2025-07-07 01:00:00,3.39,3.397,3.378,3.394,58916.44,binance,DOT/USDT
2025-07-07 02:00:00,3.394,3.427,3.394,3.419,90037.61,binance,DOT/USDT
2025-07-07 03:00:00,3.419,3.437,3.412,3.414,96813.87,binance,DOT/USDT
2025-07-07 04:00:00,3.415,3.428,3.409,3.41,94919.52,binance,DOT/USDT
2025-07-07 05:00:00,3.41,3.416,3.4,3.404,71543.53,binance,DOT/USDT
2025-07-07 06:00:00,3.404,3.407,3.387,3.389,82292.84,binance,DOT/USDT
2025-07-07 07:00:00,3.389,3.411,3.38,3.41,117039.49,binance,DOT/USDT
2025-07-07 08:00:00,3.41,3.416,3.403,3.409,80716.85,binance,DOT/USDT
2025-07-07 09:00:00,3.41,3.412,3.389,3.393,79994.92,binance,DOT/USDT
2025-07-07 10:00:00,3.393,3.393,3.382,3.382,81252.55,binance,DOT/USDT
2025-07-07 11:00:00,3.383,3.393,3.373,3.383,86417.12,binance,DOT/USDT
2025-07-07 12:00:00,3.383,3.386,3.365,3.377,139315.49,binance,DOT/USDT
2025-07-07 13:00:00,3.376,3.419,3.373,3.418,157541.01,binance,DOT/USDT
2025-07-07 14:00:00,3.418,3.427,3.374,3.382,225190.03,binance,DOT/USDT
2025-07-07 15:00:00,3.382,3.404,3.382,3.393,123998.7,binance,DOT/USDT
2025-07-07 16:00:00,3.393,3.405,3.368,3.376,230570.36,binance,DOT/USDT
2025-07-07 17:00:00,3.376,3.398,3.37,3.378,116603.65,binance,DOT/USDT
2025-07-07 18:00:00,3.378,3.383,3.347,3.369,181934.89,binance,DOT/USDT
2025-07-07 19:00:00,3.368,3.395,3.366,3.382,138917.68,binance,DOT/USDT
2025-07-07 20:00:00,3.382,3.382,3.346,3.353,122474.67,binance,DOT/USDT
2025-07-07 21:00:00,3.353,3.366,3.323,3.357,247838.37,binance,DOT/USDT
2025-07-07 22:00:00,3.357,3.363,3.341,3.35,73556.02,binance,DOT/USDT
2025-07-07 23:00:00,3.35,3.372,3.349,3.369,86915.62,binance,DOT/USDT
2025-07-08 00:00:00,3.369,3.387,3.359,3.365,228793.9,binance,DOT/USDT
2025-07-08 01:00:00,3.364,3.364,3.339,3.342,109837.79,binance,DOT/USDT
2025-07-08 02:00:00,3.341,3.357,3.334,3.338,173852.96,binance,DOT/USDT
2025-07-08 03:00:00,3.337,3.355,3.337,3.348,48658.92,binance,DOT/USDT
2025-07-08 04:00:00,3.348,3.35,3.332,3.35,109665.48,binance,DOT/USDT
2025-07-08 05:00:00,3.35,3.356,3.342,3.355,49631.86,binance,DOT/USDT
2025-07-08 06:00:00,3.355,3.356,3.342,3.349,140275.89,binance,DOT/USDT
2025-07-08 07:00:00,3.348,3.357,3.336,3.356,67435.96,binance,DOT/USDT
2025-07-08 08:00:00,3.356,3.358,3.327,3.331,92100.4,binance,DOT/USDT
2025-07-08 09:00:00,3.331,3.345,3.329,3.34,85599.44,binance,DOT/USDT
2025-07-08 10:00:00,3.34,3.377,3.338,3.376,232204.04,binance,DOT/USDT
2025-07-08 11:00:00,3.376,3.4,3.373,3.384,247001.24,binance,DOT/USDT
2025-07-08 12:00:00,3.384,3.406,3.379,3.404,94727.19,binance,DOT/USDT
2025-07-08 13:00:00,3.405,3.416,3.386,3.406,130139.84,binance,DOT/USDT
2025-07-08 14:00:00,3.407,3.411,3.366,3.372,151300.98,binance,DOT/USDT
2025-07-08 15:00:00,3.373,3.381,3.365,3.372,106577.66,binance,DOT/USDT
2025-07-08 16:00:00,3.373,3.396,3.361,3.396,101344.05,binance,DOT/USDT
2025-07-08 17:00:00,3.396,3.466,3.396,3.453,341676.65,binance,DOT/USDT
2025-07-08 18:00:00,3.454,3.468,3.446,3.465,143639.71,binance,DOT/USDT
2025-07-08 19:00:00,3.466,3.468,3.429,3.439,229142.7,binance,DOT/USDT
2025-07-08 20:00:00,3.439,3.451,3.429,3.433,80379.0,binance,DOT/USDT
2025-07-08 21:00:00,3.433,3.469,3.433,3.464,133945.44,binance,DOT/USDT
2025-07-08 22:00:00,3.464,3.477,3.45,3.451,69758.59,binance,DOT/USDT
2025-07-08 23:00:00,3.451,3.453,3.438,3.448,70815.88,binance,DOT/USDT
2025-07-09 00:00:00,3.448,3.453,3.431,3.439,70350.8,binance,DOT/USDT
2025-07-09 01:00:00,3.437,3.455,3.418,3.427,84061.41,binance,DOT/USDT
2025-07-09 02:00:00,3.426,3.434,3.42,3.427,67336.01,binance,DOT/USDT
2025-07-09 03:00:00,3.427,3.436,3.417,3.419,44764.09,binance,DOT/USDT
2025-07-09 04:00:00,3.419,3.444,3.417,3.444,53202.34,binance,DOT/USDT
2025-07-09 05:00:00,3.445,3.485,3.435,3.474,210272.11,binance,DOT/USDT
2025-07-09 06:00:00,3.474,3.483,3.463,3.482,95107.61,binance,DOT/USDT
2025-07-09 07:00:00,3.482,3.487,3.47,3.483,104387.82,binance,DOT/USDT
2025-07-09 08:00:00,3.484,3.499,3.474,3.491,122962.69,binance,DOT/USDT
2025-07-09 09:00:00,3.491,3.494,3.476,3.481,70956.48,binance,DOT/USDT
2025-07-09 10:00:00,3.48,3.506,3.472,3.504,223291.48,binance,DOT/USDT
2025-07-09 11:00:00,3.504,3.529,3.503,3.522,195059.59,binance,DOT/USDT
2025-07-09 12:00:00,3.522,3.553,3.52,3.546,335496.11,binance,DOT/USDT
2025-07-09 13:00:00,3.546,3.565,3.532,3.539,328692.89,binance,DOT/USDT
2025-07-09 14:00:00,3.538,3.548,3.491,3.511,426200.96,binance,DOT/USDT
2025-07-09 15:00:00,3.511,3.53,3.503,3.522,164312.28,binance,DOT/USDT
2025-07-09 16:00:00,3.523,3.546,3.523,3.538,145180.91,binance,DOT/USDT
2025-07-09 17:00:00,3.538,3.538,3.5,3.51,503881.68,binance,DOT/USDT
2025-07-09 18:00:00,3.51,3.557,3.509,3.541,307186.49,binance,DOT/USDT
2025-07-09 19:00:00,3.541,3.635,3.539,3.624,610277.65,binance,DOT/USDT
2025-07-09 20:00:00,3.623,3.638,3.586,3.619,605429.49,binance,DOT/USDT
2025-07-09 21:00:00,3.618,3.659,3.614,3.635,465601.36,binance,DOT/USDT
2025-07-09 22:00:00,3.634,3.658,3.634,3.65,255663.51,binance,DOT/USDT
2025-07-09 23:00:00,3.65,3.65,3.612,3.62,155754.1,binance,DOT/USDT
2025-07-10 00:00:00,3.62,3.633,3.59,3.592,195539.98,binance,DOT/USDT
2025-07-10 01:00:00,3.592,3.623,3.592,3.614,170741.17,binance,DOT/USDT
2025-07-10 02:00:00,3.614,3.644,3.614,3.641,214121.36,binance,DOT/USDT
2025-07-10 03:00:00,3.641,3.65,3.633,3.642,76222.31,binance,DOT/USDT
2025-07-10 04:00:00,3.641,3.653,3.624,3.65,129490.68,binance,DOT/USDT
2025-07-10 05:00:00,3.652,3.656,3.635,3.64,159042.6,binance,DOT/USDT
2025-07-10 06:00:00,3.641,3.662,3.631,3.66,204562.86,binance,DOT/USDT
2025-07-10 07:00:00,3.661,3.684,3.655,3.661,422158.8,binance,DOT/USDT
2025-07-10 08:00:00,3.66,3.674,3.648,3.671,154684.13,binance,DOT/USDT
2025-07-10 09:00:00,3.672,3.684,3.663,3.673,263035.33,binance,DOT/USDT
2025-07-10 10:00:00,3.672,3.699,3.658,3.698,247982.72,binance,DOT/USDT
2025-07-10 11:00:00,3.697,3.697,3.668,3.67,184628.74,binance,DOT/USDT
2025-07-10 12:00:00,3.67,3.671,3.63,3.654,461831.64,binance,DOT/USDT
2025-07-10 13:00:00,3.654,3.685,3.642,3.65,336056.63,binance,DOT/USDT
2025-07-10 14:00:00,3.65,3.657,3.617,3.645,273090.16,binance,DOT/USDT
2025-07-10 15:00:00,3.644,3.644,3.617,3.629,236737.43,binance,DOT/USDT
2025-07-10 16:00:00,3.63,3.696,3.623,3.691,403705.07,binance,DOT/USDT
2025-07-10 17:00:00,3.691,3.751,3.68,3.746,518090.36,binance,DOT/USDT
2025-07-10 18:00:00,3.747,3.758,3.703,3.722,457773.78,binance,DOT/USDT
2025-07-10 19:00:00,3.722,3.739,3.703,3.714,371389.33,binance,DOT/USDT
2025-07-10 20:00:00,3.713,3.744,3.712,3.74,200248.82,binance,DOT/USDT
2025-07-10 21:00:00,3.739,3.856,3.732,3.837,1149045.13,binance,DOT/USDT
2025-07-10 22:00:00,3.837,3.883,3.837,3.877,487611.28,binance,DOT/USDT
2025-07-10 23:00:00,3.878,3.893,3.855,3.881,385142.07,binance,DOT/USDT
2025-07-11 00:00:00,3.882,3.887,3.81,3.843,413497.79,binance,DOT/USDT
2025-07-11 01:00:00,3.844,3.906,3.841,3.906,385490.62,binance,DOT/USDT
2025-07-11 02:00:00,3.905,3.933,3.888,3.923,336897.89,binance,DOT/USDT
2025-07-11 03:00:00,3.923,3.928,3.904,3.916,222614.44,binance,DOT/USDT
2025-07-11 04:00:00,3.917,3.958,3.895,3.956,467753.08,binance,DOT/USDT
2025-07-11 05:00:00,3.955,4.016,3.951,3.979,618064.75,binance,DOT/USDT
2025-07-11 06:00:00,3.978,4.004,3.908,3.919,772008.69,binance,DOT/USDT
2025-07-11 07:00:00,3.918,3.942,3.89,3.909,609089.97,binance,DOT/USDT
2025-07-11 08:00:00,3.909,3.954,3.909,3.954,415813.44,binance,DOT/USDT
2025-07-11 09:00:00,3.955,3.998,3.944,3.979,388010.01,binance,DOT/USDT
2025-07-11 10:00:00,3.98,3.999,3.959,3.967,347727.69,binance,DOT/USDT
2025-07-11 11:00:00,3.968,3.971,3.926,3.936,559977.56,binance,DOT/USDT
2025-07-11 12:00:00,3.937,4.002,3.933,3.996,255757.69,binance,DOT/USDT
2025-07-11 13:00:00,3.996,4.061,3.964,4.045,789257.56,binance,DOT/USDT
2025-07-11 14:00:00,4.045,4.087,4.011,4.06,749025.68,binance,DOT/USDT
2025-07-11 15:00:00,4.06,4.11,3.96,3.975,948244.31,binance,DOT/USDT
2025-07-11 16:00:00,3.977,4.024,3.958,4.008,733715.71,binance,DOT/USDT
2025-07-11 17:00:00,4.008,4.055,4.003,4.045,318620.57,binance,DOT/USDT
2025-07-11 18:00:00,4.045,4.075,4.029,4.06,275771.01,binance,DOT/USDT
2025-07-11 19:00:00,4.06,4.084,4.032,4.076,182127.31,binance,DOT/USDT
2025-07-11 20:00:00,4.076,4.076,3.987,3.989,257918.65,binance,DOT/USDT
2025-07-11 21:00:00,3.99,4.005,3.916,3.943,482096.32,binance,DOT/USDT
2025-07-11 22:00:00,3.944,3.954,3.828,3.896,791470.3,binance,DOT/USDT
2025-07-11 23:00:00,3.896,3.931,3.89,3.907,266844.84,binance,DOT/USDT
2025-07-12 00:00:00,3.906,3.93,3.851,3.893,289905.66,binance,DOT/USDT
2025-07-12 01:00:00,3.894,3.988,3.894,3.981,259491.96,binance,DOT/USDT
2025-07-12 02:00:00,3.98,4.011,3.97,3.973,209876.91,binance,DOT/USDT
2025-07-12 03:00:00,3.972,4.014,3.972,4.014,179781.54,binance,DOT/USDT
2025-07-12 04:00:00,4.014,4.065,3.932,3.94,914475.81,binance,DOT/USDT
2025-07-12 05:00:00,3.941,3.968,3.908,3.957,307637.32,binance,DOT/USDT
2025-07-12 06:00:00,3.956,4.005,3.944,4.0,192859.04,binance,DOT/USDT
2025-07-12 07:00:00,4.0,4.02,3.971,3.988,235219.0,binance,DOT/USDT
2025-07-12 08:00:00,3.988,4.004,3.959,3.974,179950.3,binance,DOT/USDT
2025-07-12 09:00:00,3.973,4.024,3.966,4.013,231096.67,binance,DOT/USDT
2025-07-12 10:00:00,4.013,4.019,3.984,4.002,204601.99,binance,DOT/USDT
2025-07-12 11:00:00,4.003,4.014,3.982,3.989,230070.41,binance,DOT/USDT
2025-07-12 12:00:00,3.99,4.004,3.894,3.933,498551.5,binance,DOT/USDT
2025-07-12 13:00:00,3.934,3.934,3.856,3.907,418552.79,binance,DOT/USDT
2025-07-12 14:00:00,3.908,3.93,3.87,3.875,259734.94,binance,DOT/USDT
2025-07-12 15:00:00,3.874,3.88,3.796,3.825,760046.97,binance,DOT/USDT
2025-07-12 16:00:00,3.824,3.881,3.808,3.848,271723.68,binance,DOT/USDT
2025-07-12 17:00:00,3.848,3.911,3.844,3.903,188404.3,binance,DOT/USDT
2025-07-12 18:00:00,3.902,3.909,3.873,3.899,102202.51,binance,DOT/USDT
2025-07-12 19:00:00,3.9,3.906,3.882,3.899,58204.16,binance,DOT/USDT
2025-07-12 20:00:00,3.9,3.901,3.833,3.836,89322.66,binance,DOT/USDT
2025-07-12 21:00:00,3.834,3.891,3.833,3.891,82381.29,binance,DOT/USDT
2025-07-12 22:00:00,3.892,3.892,3.852,3.883,64364.13,binance,DOT/USDT
2025-07-12 23:00:00,3.884,3.905,3.869,3.891,133955.07,binance,DOT/USDT
2025-07-13 00:00:00,3.891,3.908,3.876,3.888,155904.98,binance,DOT/USDT
2025-07-13 01:00:00,3.889,3.922,3.884,3.911,120123.34,binance,DOT/USDT
2025-07-13 02:00:00,3.911,3.928,3.883,3.919,135101.79,binance,DOT/USDT
2025-07-13 03:00:00,3.92,3.928,3.903,3.92,79056.69,binance,DOT/USDT
2025-07-13 04:00:00,3.92,3.957,3.896,3.951,94619.87,binance,DOT/USDT
2025-07-13 05:00:00,3.952,3.957,3.93,3.933,167993.21,binance,DOT/USDT
2025-07-13 06:00:00,3.932,3.994,3.927,3.963,180746.83,binance,DOT/USDT
2025-07-13 07:00:00,3.962,4.002,3.961,4.0,191573.65,binance,DOT/USDT
2025-07-13 08:00:00,4.001,4.012,3.966,3.987,220789.17,binance,DOT/USDT
2025-07-13 09:00:00,3.988,3.999,3.942,3.948,137063.65,binance,DOT/USDT
2025-07-13 10:00:00,3.949,3.979,3.936,3.954,203419.4,binance,DOT/USDT
2025-07-13 11:00:00,3.954,3.971,3.944,3.968,141992.0,binance,DOT/USDT
2025-07-13 12:00:00,3.967,4.012,3.956,4.003,248173.59,binance,DOT/USDT
2025-07-13 13:00:00,4.002,4.023,3.966,4.006,247999.8,binance,DOT/USDT
2025-07-13 14:00:00,4.006,4.067,3.99,4.006,505387.33,binance,DOT/USDT
2025-07-13 15:00:00,4.006,4.063,3.999,4.009,321901.54,binance,DOT/USDT
2025-07-13 16:00:00,4.01,4.041,3.984,3.987,169225.82,binance,DOT/USDT
2025-07-13 17:00:00,3.987,4.021,3.973,4.015,183616.72,binance,DOT/USDT
2025-07-13 18:00:00,4.016,4.025,4.005,4.022,24902.45,binance,DOT/USDT
