e,E,s,t,p,q,T,m,M
trade,1752424179020,BTCUSDT,5081838174,118844.00000000,0.00011000,1752424179019,False,True
trade,1752424179191,BTCUSDT,5081838175,118844.00000000,0.00311000,1752424179191,False,True
trade,1752424179560,BTCUSDT,5081838176,118844.00000000,0.00011000,1752424179560,False,True
trade,1752424179969,BTCUSDT,5081838177,118844.00000000,0.00011000,1752424179969,False,True
trade,1752424179976,BTCUSDT,5081838178,118844.00000000,0.00065000,1752424179976,False,True
trade,1752424180304,BTCUSDT,5081838179,118843.99000000,0.00008000,1752424180304,True,True
trade,1752424180547,BTCUSDT,5081838180,118844.00000000,0.02284000,1752424180547,False,True
trade,1752424181082,BTCUSDT,5081838181,118844.00000000,0.00104000,1752424181082,False,True
trade,1752424181089,BTCUSDT,5081838182,118843.99000000,0.00036000,1752424181088,True,True
trade,1752424181406,BTCUSDT,5081838183,118843.99000000,0.00014000,1752424181406,True,True
trade,1752424182212,BTCUSDT,5081838184,118843.99000000,0.00043000,1752424182212,True,True
trade,1752424182795,BTCUSDT,5081838185,118844.00000000,0.00009000,1752424182794,False,True
trade,1752424183418,BTCUSDT,5081838186,118843.99000000,0.00726000,1752424183414,True,True
trade,1752424183418,BTCUSDT,5081838187,118843.99000000,0.00005000,1752424183414,True,True
trade,1752424183418,BTCUSDT,5081838188,118843.99000000,0.00050000,1752424183414,True,True
trade,1752424183418,BTCUSDT,5081838189,118843.99000000,0.00050000,1752424183414,True,True
trade,1752424183418,BTCUSDT,5081838190,118843.99000000,0.00049000,1752424183414,True,True
trade,1752424183418,BTCUSDT,5081838191,118843.99000000,0.00005000,1752424183414,True,True
trade,1752424183418,BTCUSDT,5081838192,118843.99000000,0.00007000,1752424183414,True,True
trade,1752424183418,BTCUSDT,5081838193,118843.99000000,0.00005000,1752424183414,True,True
trade,1752424183418,BTCUSDT,5081838194,118843.99000000,0.00005000,1752424183414,True,True
trade,1752424183418,BTCUSDT,5081838195,118843.99000000,0.00005000,1752424183414,True,True
trade,1752424183418,BTCUSDT,5081838196,118843.99000000,0.00005000,1752424183414,True,True
trade,1752424183418,BTCUSDT,5081838197,118843.99000000,0.00005000,1752424183414,True,True
trade,1752424183418,BTCUSDT,5081838198,118843.99000000,0.00277000,1752424183414,True,True
trade,1752424183418,BTCUSDT,5081838199,118843.99000000,0.00005000,1752424183414,True,True
trade,1752424183418,BTCUSDT,5081838200,118843.99000000,0.00005000,1752424183414,True,True
trade,1752424183418,BTCUSDT,5081838201,118843.99000000,0.00005000,1752424183414,True,True
trade,1752424183418,BTCUSDT,5081838202,118843.99000000,0.00005000,1752424183414,True,True
trade,1752424183418,BTCUSDT,5081838203,118843.99000000,0.00005000,1752424183414,True,True
trade,1752424183418,BTCUSDT,5081838204,118843.99000000,0.00005000,1752424183414,True,True
trade,1752424183418,BTCUSDT,5081838205,118843.99000000,0.00005000,1752424183414,True,True
trade,1752424183418,BTCUSDT,5081838206,118843.99000000,0.02255000,1752424183414,True,True
trade,1752424183418,BTCUSDT,5081838207,118843.99000000,0.03971000,1752424183414,True,True
trade,1752424183418,BTCUSDT,5081838208,118843.99000000,0.00005000,1752424183414,True,True
trade,1752424183418,BTCUSDT,5081838209,118843.99000000,0.00010000,1752424183414,True,True
trade,1752424183418,BTCUSDT,5081838210,118843.99000000,0.00005000,1752424183414,True,True
trade,1752424183418,BTCUSDT,5081838211,118843.99000000,0.00005000,1752424183414,True,True
trade,1752424183418,BTCUSDT,5081838212,118843.99000000,0.00005000,1752424183414,True,True
trade,1752424183418,BTCUSDT,5081838213,118843.99000000,0.00010000,1752424183414,True,True
trade,1752424183418,BTCUSDT,5081838214,118843.99000000,0.00010000,1752424183414,True,True
trade,1752424183418,BTCUSDT,5081838215,118843.99000000,0.00005000,1752424183414,True,True
trade,1752424183418,BTCUSDT,5081838216,118843.99000000,0.00005000,1752424183414,True,True
trade,1752424183418,BTCUSDT,5081838217,118843.99000000,0.00010000,1752424183414,True,True
trade,1752424183418,BTCUSDT,5081838218,118843.99000000,0.02103000,1752424183414,True,True
trade,1752424183418,BTCUSDT,5081838219,118843.99000000,0.00005000,1752424183414,True,True
trade,1752424183418,BTCUSDT,5081838220,118843.99000000,0.00209000,1752424183414,True,True
trade,1752424183418,BTCUSDT,5081838221,118843.99000000,0.01000000,1752424183414,True,True
trade,1752424183421,BTCUSDT,5081838222,118843.99000000,0.00076000,1752424183419,True,True
trade,1752424183421,BTCUSDT,5081838223,118843.99000000,0.00005000,1752424183419,True,True
trade,1752424183421,BTCUSDT,5081838224,118843.99000000,0.00010000,1752424183419,True,True
trade,1752424183421,BTCUSDT,5081838225,118843.99000000,0.00010000,1752424183419,True,True
trade,1752424183421,BTCUSDT,5081838226,118843.99000000,0.00005000,1752424183419,True,True
trade,1752424183421,BTCUSDT,5081838227,118843.99000000,0.00005000,1752424183419,True,True
trade,1752424183421,BTCUSDT,5081838228,118843.99000000,0.00010000,1752424183419,True,True
trade,1752424183421,BTCUSDT,5081838229,118843.99000000,0.01285000,1752424183419,True,True
trade,1752424183421,BTCUSDT,5081838230,118843.99000000,0.00005000,1752424183419,True,True
trade,1752424183421,BTCUSDT,5081838231,118843.99000000,0.01285000,1752424183419,True,True
trade,1752424183421,BTCUSDT,5081838232,118843.99000000,0.00005000,1752424183419,True,True
trade,1752424183421,BTCUSDT,5081838233,118843.99000000,0.01285000,1752424183419,True,True
trade,1752424183421,BTCUSDT,5081838234,118843.99000000,0.01285000,1752424183419,True,True
trade,1752424183421,BTCUSDT,5081838235,118843.99000000,0.01285000,1752424183419,True,True
trade,1752424183421,BTCUSDT,5081838236,118843.99000000,0.01284000,1752424183419,True,True
trade,1752424183421,BTCUSDT,5081838237,118843.98000000,0.00005000,1752424183419,True,True
trade,1752424183421,BTCUSDT,5081838238,118843.98000000,0.00005000,1752424183419,True,True
trade,1752424183421,BTCUSDT,5081838239,118843.98000000,0.00005000,1752424183419,True,True
trade,1752424183421,BTCUSDT,5081838240,118843.98000000,0.00005000,1752424183419,True,True
trade,1752424183421,BTCUSDT,5081838241,118843.98000000,0.00005000,1752424183419,True,True
trade,1752424183421,BTCUSDT,5081838242,118843.98000000,0.00005000,1752424183419,True,True
trade,1752424183421,BTCUSDT,5081838243,118843.98000000,0.00005000,1752424183419,True,True
trade,1752424183421,BTCUSDT,5081838244,118843.98000000,0.00010000,1752424183419,True,True
trade,1752424183421,BTCUSDT,5081838245,118843.98000000,0.00005000,1752424183419,True,True
trade,1752424183421,BTCUSDT,5081838246,118843.66000000,0.00144000,1752424183419,True,True
trade,1752424183421,BTCUSDT,5081838247,118843.66000000,0.00010000,1752424183419,True,True
trade,1752424183421,BTCUSDT,5081838248,118843.19000000,0.00005000,1752424183419,True,True
trade,1752424183421,BTCUSDT,5081838249,118842.69000000,0.00063000,1752424183419,True,True
trade,1752424183421,BTCUSDT,5081838250,118842.22000000,0.00021000,1752424183419,True,True
trade,1752424183421,BTCUSDT,5081838251,118842.22000000,0.00021000,1752424183419,True,True
trade,1752424183421,BTCUSDT,5081838252,118842.01000000,0.00005000,1752424183419,True,True
trade,1752424183421,BTCUSDT,5081838253,118841.84000000,0.00042000,1752424183419,True,True
trade,1752424183421,BTCUSDT,5081838254,118841.84000000,0.00169000,1752424183419,True,True
trade,1752424183421,BTCUSDT,5081838255,118841.84000000,0.00010000,1752424183419,True,True
trade,1752424183421,BTCUSDT,5081838256,118841.61000000,0.00050000,1752424183419,True,True
trade,1752424183421,BTCUSDT,5081838257,118840.82000000,0.00005000,1752424183419,True,True
trade,1752424183421,BTCUSDT,5081838258,118840.48000000,0.00103000,1752424183419,True,True
trade,1752424183421,BTCUSDT,5081838259,118840.00000000,0.00005000,1752424183419,True,True
trade,1752424183421,BTCUSDT,5081838260,118838.79000000,0.00005000,1752424183419,True,True
trade,1752424183421,BTCUSDT,5081838261,118838.79000000,0.00005000,1752424183419,True,True
trade,1752424183421,BTCUSDT,5081838262,118838.78000000,0.00005000,1752424183419,True,True
trade,1752424183421,BTCUSDT,5081838263,118838.78000000,0.00005000,1752424183419,True,True
trade,1752424183421,BTCUSDT,5081838264,118838.78000000,0.00005000,1752424183419,True,True
trade,1752424183421,BTCUSDT,5081838265,118838.45000000,0.00005000,1752424183419,True,True
trade,1752424183421,BTCUSDT,5081838266,118838.05000000,0.00005000,1752424183419,True,True
trade,1752424183421,BTCUSDT,5081838267,118838.05000000,0.00005000,1752424183419,True,True
trade,1752424183421,BTCUSDT,5081838268,118837.21000000,0.00005000,1752424183419,True,True
trade,1752424183421,BTCUSDT,5081838269,118836.32000000,0.00005000,1752424183419,True,True
trade,1752424183421,BTCUSDT,5081838270,118836.32000000,0.00005000,1752424183419,True,True
trade,1752424183421,BTCUSDT,5081838271,118836.32000000,0.00005000,1752424183419,True,True
trade,1752424183421,BTCUSDT,5081838272,118836.32000000,0.00005000,1752424183419,True,True
trade,1752424183421,BTCUSDT,5081838273,118836.32000000,0.00005000,1752424183419,True,True
trade,1752424183421,BTCUSDT,5081838274,118836.00000000,0.00005000,1752424183419,True,True
trade,1752424183421,BTCUSDT,5081838275,118836.00000000,0.00005000,1752424183419,True,True
trade,1752424183430,BTCUSDT,5081838276,118835.08000000,0.00005000,1752424183429,True,True
trade,1752424183430,BTCUSDT,5081838277,118835.08000000,0.00005000,1752424183429,True,True
trade,1752424183430,BTCUSDT,5081838278,118835.08000000,0.00005000,1752424183429,True,True
trade,1752424183430,BTCUSDT,5081838279,118835.08000000,0.00005000,1752424183429,True,True
trade,1752424183430,BTCUSDT,5081838280,118835.08000000,0.00005000,1752424183429,True,True
trade,1752424183430,BTCUSDT,5081838281,118835.08000000,0.00005000,1752424183429,True,True
trade,1752424183430,BTCUSDT,5081838282,118835.08000000,0.00005000,1752424183429,True,True
trade,1752424183430,BTCUSDT,5081838283,118835.08000000,0.00005000,1752424183429,True,True
trade,1752424183430,BTCUSDT,5081838284,118835.08000000,0.00005000,1752424183429,True,True
trade,1752424183430,BTCUSDT,5081838285,118835.08000000,0.00005000,1752424183429,True,True
trade,1752424183430,BTCUSDT,5081838286,118835.08000000,0.00005000,1752424183429,True,True
trade,1752424183430,BTCUSDT,5081838287,118835.08000000,0.00005000,1752424183429,True,True
trade,1752424183430,BTCUSDT,5081838288,118835.08000000,0.00005000,1752424183429,True,True
trade,1752424183430,BTCUSDT,5081838289,118835.08000000,0.00005000,1752424183429,True,True
trade,1752424183430,BTCUSDT,5081838290,118835.08000000,0.00005000,1752424183429,True,True
trade,1752424183430,BTCUSDT,5081838291,118835.08000000,0.00005000,1752424183429,True,True
trade,1752424183430,BTCUSDT,5081838292,118835.08000000,0.00005000,1752424183429,True,True
trade,1752424183430,BTCUSDT,5081838293,118835.08000000,0.00005000,1752424183429,True,True
trade,1752424183430,BTCUSDT,5081838294,118835.08000000,0.00005000,1752424183429,True,True
trade,1752424183430,BTCUSDT,5081838295,118835.08000000,0.00005000,1752424183429,True,True
trade,1752424183430,BTCUSDT,5081838296,118835.08000000,0.00152000,1752424183429,True,True
trade,1752424183438,BTCUSDT,5081838297,118835.08000000,0.00530000,1752424183437,True,True
trade,1752424183466,BTCUSDT,5081838298,118835.08000000,0.00050000,1752424183465,True,True
trade,1752424183599,BTCUSDT,5081838299,118835.09000000,0.00144000,1752424183598,False,True
trade,1752424183897,BTCUSDT,5081838300,118835.08000000,0.01380000,1752424183897,True,True
trade,1752424183897,BTCUSDT,5081838301,118835.08000000,0.00009000,1752424183897,True,True
trade,1752424183897,BTCUSDT,5081838302,118835.08000000,0.00080000,1752424183897,True,True
trade,1752424183897,BTCUSDT,5081838303,118835.08000000,0.00153000,1752424183897,True,True
trade,1752424183897,BTCUSDT,5081838304,118835.08000000,0.00005000,1752424183897,True,True
trade,1752424183897,BTCUSDT,5081838305,118835.08000000,0.00005000,1752424183897,True,True
trade,1752424183897,BTCUSDT,5081838306,118835.08000000,0.00050000,1752424183897,True,True
trade,1752424183897,BTCUSDT,5081838307,118835.08000000,0.00049000,1752424183897,True,True
trade,1752424183897,BTCUSDT,5081838308,118835.08000000,0.00005000,1752424183897,True,True
trade,1752424183897,BTCUSDT,5081838309,118835.08000000,0.00005000,1752424183897,True,True
trade,1752424183897,BTCUSDT,5081838310,118835.08000000,0.00005000,1752424183897,True,True
trade,1752424183897,BTCUSDT,5081838311,118835.08000000,0.00005000,1752424183897,True,True
trade,1752424183897,BTCUSDT,5081838312,118835.08000000,0.00005000,1752424183897,True,True
trade,1752424183897,BTCUSDT,5081838313,118835.08000000,0.00005000,1752424183897,True,True
trade,1752424183897,BTCUSDT,5081838314,118835.08000000,0.00005000,1752424183897,True,True
trade,1752424183897,BTCUSDT,5081838315,118835.08000000,0.00005000,1752424183897,True,True
trade,1752424183897,BTCUSDT,5081838316,118835.08000000,0.01328000,1752424183897,True,True
trade,1752424184238,BTCUSDT,5081838317,118835.09000000,0.00011000,1752424184237,False,True
trade,1752424184435,BTCUSDT,5081838318,118835.08000000,0.00010000,1752424184434,True,True
trade,1752424184435,BTCUSDT,5081838319,118835.08000000,0.00005000,1752424184434,True,True
trade,1752424184435,BTCUSDT,5081838320,118835.08000000,0.00005000,1752424184434,True,True
trade,1752424184435,BTCUSDT,5081838321,118835.08000000,0.00005000,1752424184434,True,True
trade,1752424184435,BTCUSDT,5081838322,118835.08000000,0.00005000,1752424184434,True,True
trade,1752424184435,BTCUSDT,5081838323,118835.08000000,0.00005000,1752424184434,True,True
trade,1752424184435,BTCUSDT,5081838324,118835.08000000,0.00005000,1752424184434,True,True
trade,1752424184435,BTCUSDT,5081838325,118835.08000000,0.00044000,1752424184434,True,True
trade,1752424184435,BTCUSDT,5081838326,118835.08000000,0.00252000,1752424184434,True,True
trade,1752424184472,BTCUSDT,5081838327,118835.08000000,0.00072000,1752424184471,True,True
trade,1752424184892,BTCUSDT,5081838328,118835.09000000,0.01178000,1752424184891,False,True
trade,1752424185058,BTCUSDT,5081838329,118835.09000000,0.00011000,1752424185057,False,True
trade,1752424185363,BTCUSDT,5081838330,118835.08000000,0.00032000,1752424185363,True,True
trade,1752424185363,BTCUSDT,5081838331,118835.08000000,0.00005000,1752424185363,True,True
trade,1752424185363,BTCUSDT,5081838332,118835.08000000,0.00005000,1752424185363,True,True
trade,1752424185363,BTCUSDT,5081838333,118835.08000000,0.00005000,1752424185363,True,True
trade,1752424185363,BTCUSDT,5081838334,118835.08000000,0.00005000,1752424185363,True,True
trade,1752424185363,BTCUSDT,5081838335,118835.08000000,0.00005000,1752424185363,True,True
trade,1752424185363,BTCUSDT,5081838336,118835.08000000,0.00005000,1752424185363,True,True
trade,1752424185363,BTCUSDT,5081838337,118835.08000000,0.00005000,1752424185363,True,True
trade,1752424185363,BTCUSDT,5081838338,118835.08000000,0.00005000,1752424185363,True,True
trade,1752424185363,BTCUSDT,5081838339,118835.08000000,0.00005000,1752424185363,True,True
trade,1752424185363,BTCUSDT,5081838340,118835.08000000,0.00005000,1752424185363,True,True
trade,1752424185363,BTCUSDT,5081838341,118835.08000000,0.00002000,1752424185363,True,True
trade,1752424185364,BTCUSDT,5081838342,118835.08000000,0.00045000,1752424185363,True,True
trade,1752424185364,BTCUSDT,5081838343,118835.08000000,0.00207000,1752424185363,True,True
trade,1752424185759,BTCUSDT,5081838344,118835.09000000,0.00049000,1752424185759,False,True
trade,1752424186149,BTCUSDT,5081838345,118835.08000000,0.00049000,1752424186149,True,True
trade,1752424186149,BTCUSDT,5081838346,118835.08000000,0.00049000,1752424186149,True,True
trade,1752424186149,BTCUSDT,5081838347,118835.08000000,0.00005000,1752424186149,True,True
trade,1752424186149,BTCUSDT,5081838348,118835.08000000,0.00005000,1752424186149,True,True
trade,1752424186149,BTCUSDT,5081838349,118835.08000000,0.00005000,1752424186149,True,True
trade,1752424186149,BTCUSDT,5081838350,118835.08000000,0.00005000,1752424186149,True,True
trade,1752424186149,BTCUSDT,5081838351,118835.08000000,0.00005000,1752424186149,True,True
trade,1752424186149,BTCUSDT,5081838352,118835.08000000,0.00005000,1752424186149,True,True
trade,1752424186149,BTCUSDT,5081838353,118835.08000000,0.00005000,1752424186149,True,True
trade,1752424186149,BTCUSDT,5081838354,118835.08000000,0.00005000,1752424186149,True,True
trade,1752424186149,BTCUSDT,5081838355,118835.08000000,0.00005000,1752424186149,True,True
trade,1752424186149,BTCUSDT,5081838356,118835.08000000,0.00014000,1752424186149,True,True
trade,1752424186149,BTCUSDT,5081838357,118835.08000000,0.00005000,1752424186149,True,True
trade,1752424186149,BTCUSDT,5081838358,118835.08000000,0.00005000,1752424186149,True,True
trade,1752424186149,BTCUSDT,5081838359,118835.08000000,0.00005000,1752424186149,True,True
trade,1752424186149,BTCUSDT,5081838360,118835.08000000,0.01309000,1752424186149,True,True
trade,1752424186149,BTCUSDT,5081838361,118835.08000000,0.00121000,1752424186149,True,True
trade,1752424186149,BTCUSDT,5081838362,118835.08000000,0.00010000,1752424186149,True,True
trade,1752424186149,BTCUSDT,5081838363,118835.08000000,0.00005000,1752424186149,True,True
trade,1752424186149,BTCUSDT,5081838364,118835.08000000,0.00005000,1752424186149,True,True
trade,1752424186149,BTCUSDT,5081838365,118835.08000000,0.00005000,1752424186149,True,True
trade,1752424186149,BTCUSDT,5081838366,118835.08000000,0.00005000,1752424186149,True,True
trade,1752424186149,BTCUSDT,5081838367,118835.08000000,0.00005000,1752424186149,True,True
trade,1752424186149,BTCUSDT,5081838368,118835.08000000,0.00005000,1752424186149,True,True
trade,1752424186149,BTCUSDT,5081838369,118835.08000000,0.00890000,1752424186149,True,True
trade,1752424186236,BTCUSDT,5081838370,118835.08000000,0.00419000,1752424186234,True,True
trade,1752424186236,BTCUSDT,5081838371,118835.08000000,0.00005000,1752424186234,True,True
trade,1752424186236,BTCUSDT,5081838372,118835.08000000,0.00005000,1752424186234,True,True
trade,1752424186236,BTCUSDT,5081838373,118835.08000000,0.00005000,1752424186234,True,True
trade,1752424186236,BTCUSDT,5081838374,118835.08000000,0.00005000,1752424186234,True,True
trade,1752424186236,BTCUSDT,5081838375,118835.08000000,0.00005000,1752424186234,True,True
trade,1752424186236,BTCUSDT,5081838376,118835.08000000,0.00005000,1752424186234,True,True
trade,1752424186236,BTCUSDT,5081838377,118835.08000000,0.00005000,1752424186234,True,True
trade,1752424186236,BTCUSDT,5081838378,118835.08000000,0.00005000,1752424186234,True,True
trade,1752424186236,BTCUSDT,5081838379,118835.08000000,0.00005000,1752424186234,True,True
trade,1752424186236,BTCUSDT,5081838380,118835.08000000,0.00005000,1752424186234,True,True
trade,1752424186236,BTCUSDT,5081838381,118835.08000000,0.00007000,1752424186234,True,True
trade,1752424186236,BTCUSDT,5081838382,118835.08000000,0.04207000,1752424186234,True,True
trade,1752424186236,BTCUSDT,5081838383,118835.08000000,0.00005000,1752424186234,True,True
trade,1752424186236,BTCUSDT,5081838384,118835.08000000,0.00005000,1752424186234,True,True
trade,1752424186236,BTCUSDT,5081838385,118835.08000000,0.00005000,1752424186234,True,True
trade,1752424186236,BTCUSDT,5081838386,118835.08000000,0.00005000,1752424186234,True,True
trade,1752424186236,BTCUSDT,5081838387,118835.08000000,0.00010000,1752424186234,True,True
trade,1752424186236,BTCUSDT,5081838388,118835.08000000,0.01309000,1752424186234,True,True
trade,1752424186236,BTCUSDT,5081838389,118835.08000000,0.00005000,1752424186234,True,True
trade,1752424186236,BTCUSDT,5081838390,118835.08000000,0.00005000,1752424186234,True,True
trade,1752424186236,BTCUSDT,5081838391,118835.08000000,0.01309000,1752424186234,True,True
trade,1752424186236,BTCUSDT,5081838392,118835.08000000,0.00005000,1752424186234,True,True
trade,1752424186236,BTCUSDT,5081838393,118835.08000000,0.01309000,1752424186234,True,True
trade,1752424186236,BTCUSDT,5081838394,118835.08000000,0.01309000,1752424186234,True,True
trade,1752424186236,BTCUSDT,5081838395,118835.08000000,0.01309000,1752424186234,True,True
trade,1752424186236,BTCUSDT,5081838396,118835.08000000,0.01309000,1752424186234,True,True
trade,1752424186236,BTCUSDT,5081838397,118835.08000000,0.01309000,1752424186234,True,True
trade,1752424186236,BTCUSDT,5081838398,118835.08000000,0.01299000,1752424186234,True,True
trade,1752424186236,BTCUSDT,5081838399,118835.07000000,0.00005000,1752424186234,True,True
trade,1752424186236,BTCUSDT,5081838400,118835.07000000,0.00005000,1752424186234,True,True
trade,1752424186236,BTCUSDT,5081838401,118835.07000000,0.00005000,1752424186234,True,True
trade,1752424186236,BTCUSDT,5081838402,118835.07000000,0.00005000,1752424186234,True,True
trade,1752424186236,BTCUSDT,5081838403,118835.07000000,0.00005000,1752424186234,True,True
trade,1752424186236,BTCUSDT,5081838404,118835.07000000,0.00005000,1752424186234,True,True
trade,1752424186236,BTCUSDT,5081838405,118835.07000000,0.00005000,1752424186234,True,True
trade,1752424186236,BTCUSDT,5081838406,118835.07000000,0.00005000,1752424186234,True,True
trade,1752424186236,BTCUSDT,5081838407,118835.07000000,0.00005000,1752424186234,True,True
trade,1752424186236,BTCUSDT,5081838408,118835.07000000,0.00005000,1752424186234,True,True
trade,1752424186236,BTCUSDT,5081838409,118835.07000000,0.00005000,1752424186234,True,True
trade,1752424186236,BTCUSDT,5081838410,118835.07000000,0.00035000,1752424186234,True,True
trade,1752424186236,BTCUSDT,5081838411,118835.07000000,0.00498000,1752424186234,True,True
trade,1752424186236,BTCUSDT,5081838412,118835.07000000,0.00010000,1752424186234,True,True
trade,1752424186236,BTCUSDT,5081838413,118835.07000000,0.00005000,1752424186234,True,True
trade,1752424186236,BTCUSDT,5081838414,118834.89000000,0.00005000,1752424186234,True,True
trade,1752424186236,BTCUSDT,5081838415,118833.84000000,0.00021000,1752424186234,True,True
trade,1752424186236,BTCUSDT,5081838416,118833.78000000,0.00042000,1752424186234,True,True
trade,1752424186236,BTCUSDT,5081838417,118833.70000000,0.00005000,1752424186234,True,True
trade,1752424186236,BTCUSDT,5081838418,118833.68000000,0.00063000,1752424186234,True,True
trade,1752424186236,BTCUSDT,5081838419,118833.48000000,0.00005000,1752424186234,True,True
trade,1752424186236,BTCUSDT,5081838420,118833.48000000,0.00005000,1752424186234,True,True
trade,1752424186236,BTCUSDT,5081838421,118833.48000000,0.00005000,1752424186234,True,True
trade,1752424186236,BTCUSDT,5081838422,118832.70000000,0.00050000,1752424186234,True,True
trade,1752424186236,BTCUSDT,5081838423,118832.52000000,0.00005000,1752424186234,True,True
trade,1752424186236,BTCUSDT,5081838424,118832.12000000,0.00005000,1752424186234,True,True
trade,1752424186236,BTCUSDT,5081838425,118832.12000000,0.00005000,1752424186234,True,True
trade,1752424186236,BTCUSDT,5081838426,118832.12000000,0.00005000,1752424186234,True,True
trade,1752424186236,BTCUSDT,5081838427,118832.11000000,0.00138000,1752424186234,True,True
trade,1752424186236,BTCUSDT,5081838428,118832.11000000,0.00010000,1752424186234,True,True
trade,1752424186236,BTCUSDT,5081838429,118831.82000000,0.00005000,1752424186234,True,True
trade,1752424186236,BTCUSDT,5081838430,118831.41000000,0.00255000,1752424186234,True,True
trade,1752424186236,BTCUSDT,5081838431,118830.48000000,0.00862000,1752424186234,True,True
trade,1752424186236,BTCUSDT,5081838432,118830.47000000,0.00560000,1752424186234,True,True
trade,1752424186236,BTCUSDT,5081838433,118830.40000000,0.00092000,1752424186234,True,True
trade,1752424186236,BTCUSDT,5081838434,118830.32000000,0.00005000,1752424186234,True,True
trade,1752424186236,BTCUSDT,5081838435,118830.00000000,0.02200000,1752424186234,True,True
trade,1752424186236,BTCUSDT,5081838436,118830.00000000,0.00005000,1752424186234,True,True
trade,1752424186236,BTCUSDT,5081838437,118830.00000000,0.00005000,1752424186234,True,True
trade,1752424186236,BTCUSDT,5081838438,118829.70000000,0.00005000,1752424186234,True,True
trade,1752424186236,BTCUSDT,5081838439,118829.65000000,0.00005000,1752424186234,True,True
trade,1752424186236,BTCUSDT,5081838440,118829.65000000,0.00005000,1752424186234,True,True
trade,1752424186236,BTCUSDT,5081838441,118829.52000000,0.00005000,1752424186234,True,True
trade,1752424186236,BTCUSDT,5081838442,118829.52000000,0.00005000,1752424186234,True,True
trade,1752424186236,BTCUSDT,5081838443,118829.52000000,0.00005000,1752424186234,True,True
trade,1752424186236,BTCUSDT,5081838444,118828.10000000,0.00005000,1752424186234,True,True
trade,1752424186236,BTCUSDT,5081838445,118828.10000000,0.00005000,1752424186234,True,True
trade,1752424186236,BTCUSDT,5081838446,118828.10000000,0.00005000,1752424186234,True,True
trade,1752424186236,BTCUSDT,5081838447,118828.01000000,0.00015000,1752424186234,True,True
trade,1752424186236,BTCUSDT,5081838448,118828.00000000,0.02200000,1752424186234,True,True
trade,1752424186236,BTCUSDT,5081838449,118828.00000000,0.00005000,1752424186234,True,True
trade,1752424186236,BTCUSDT,5081838450,118828.00000000,0.00005000,1752424186234,True,True
trade,1752424186236,BTCUSDT,5081838451,118826.89000000,0.00005000,1752424186234,True,True
trade,1752424186236,BTCUSDT,5081838452,118826.89000000,0.00005000,1752424186234,True,True
trade,1752424186236,BTCUSDT,5081838453,118826.89000000,0.00005000,1752424186234,True,True
trade,1752424186236,BTCUSDT,5081838454,118826.89000000,0.00005000,1752424186234,True,True
trade,1752424186236,BTCUSDT,5081838455,118826.88000000,0.00235000,1752424186234,True,True
trade,1752424186236,BTCUSDT,5081838456,118826.88000000,0.00005000,1752424186234,True,True
trade,1752424186236,BTCUSDT,5081838457,118826.88000000,0.00005000,1752424186234,True,True
trade,1752424186236,BTCUSDT,5081838458,118826.88000000,0.08114000,1752424186234,True,True
trade,1752424186281,BTCUSDT,5081838459,118826.88000000,0.00005000,1752424186281,True,True
trade,1752424186281,BTCUSDT,5081838460,118826.88000000,0.00005000,1752424186281,True,True
trade,1752424186281,BTCUSDT,5081838461,118826.88000000,0.00005000,1752424186281,True,True
trade,1752424186281,BTCUSDT,5081838462,118826.88000000,0.00005000,1752424186281,True,True
trade,1752424186281,BTCUSDT,5081838463,118826.88000000,0.00005000,1752424186281,True,True
trade,1752424186281,BTCUSDT,5081838464,118826.88000000,0.00005000,1752424186281,True,True
trade,1752424186281,BTCUSDT,5081838465,118826.88000000,0.00047000,1752424186281,True,True
trade,1752424186377,BTCUSDT,5081838466,118826.88000000,0.00023000,1752424186376,True,True
trade,1752424186449,BTCUSDT,5081838467,118826.88000000,0.00050000,1752424186449,True,True
trade,1752424187447,BTCUSDT,5081838468,118826.88000000,0.00005000,1752424187446,True,True
trade,1752424187447,BTCUSDT,5081838469,118826.88000000,0.00005000,1752424187446,True,True
trade,1752424187447,BTCUSDT,5081838470,118826.88000000,0.00005000,1752424187446,True,True
trade,1752424187447,BTCUSDT,5081838471,118826.88000000,0.00005000,1752424187446,True,True
trade,1752424187447,BTCUSDT,5081838472,118826.88000000,0.00005000,1752424187446,True,True
trade,1752424187447,BTCUSDT,5081838473,118826.88000000,0.00005000,1752424187446,True,True
trade,1752424187447,BTCUSDT,5081838474,118826.88000000,0.00005000,1752424187446,True,True
trade,1752424187447,BTCUSDT,5081838475,118826.88000000,0.00083000,1752424187446,True,True
trade,1752424187561,BTCUSDT,5081838476,118826.89000000,0.00018000,1752424187561,False,True
trade,1752424188096,BTCUSDT,5081838477,118826.89000000,0.00589000,1752424188095,False,True
trade,1752424188369,BTCUSDT,5081838478,118826.88000000,0.20004000,1752424188369,True,True
trade,1752424189491,BTCUSDT,5081838479,118826.88000000,0.00005000,1752424189490,True,True
trade,1752424189491,BTCUSDT,5081838480,118826.88000000,0.00005000,1752424189490,True,True
trade,1752424189491,BTCUSDT,5081838481,118826.88000000,0.00005000,1752424189490,True,True
trade,1752424189491,BTCUSDT,5081838482,118826.88000000,0.00005000,1752424189490,True,True
trade,1752424189491,BTCUSDT,5081838483,118826.88000000,0.00022000,1752424189490,True,True
trade,1752424190132,BTCUSDT,5081838484,118826.88000000,0.00105000,1752424190131,True,True
trade,1752424190132,BTCUSDT,5081838485,118826.88000000,0.00049000,1752424190131,True,True
trade,1752424190132,BTCUSDT,5081838486,118826.88000000,0.00005000,1752424190131,True,True
trade,1752424190132,BTCUSDT,5081838487,118826.88000000,0.00005000,1752424190131,True,True
trade,1752424190132,BTCUSDT,5081838488,118826.88000000,0.00005000,1752424190131,True,True
trade,1752424190132,BTCUSDT,5081838489,118826.88000000,0.00005000,1752424190131,True,True
trade,1752424190132,BTCUSDT,5081838490,118826.88000000,0.00049000,1752424190131,True,True
trade,1752424190132,BTCUSDT,5081838491,118826.88000000,0.00010000,1752424190131,True,True
trade,1752424190132,BTCUSDT,5081838492,118826.88000000,0.00005000,1752424190131,True,True
trade,1752424190132,BTCUSDT,5081838493,118826.88000000,0.00005000,1752424190131,True,True
trade,1752424190132,BTCUSDT,5081838494,118826.88000000,0.00005000,1752424190131,True,True
trade,1752424190132,BTCUSDT,5081838495,118826.88000000,0.00005000,1752424190131,True,True
trade,1752424190132,BTCUSDT,5081838496,118826.88000000,0.00005000,1752424190131,True,True
trade,1752424190132,BTCUSDT,5081838497,118826.88000000,0.00005000,1752424190131,True,True
trade,1752424190132,BTCUSDT,5081838498,118826.88000000,0.00005000,1752424190131,True,True
trade,1752424190132,BTCUSDT,5081838499,118826.88000000,0.00005000,1752424190131,True,True
trade,1752424190132,BTCUSDT,5081838500,118826.88000000,0.00106000,1752424190131,True,True
trade,1752424190132,BTCUSDT,5081838501,118826.88000000,0.00005000,1752424190131,True,True
trade,1752424190132,BTCUSDT,5081838502,118826.88000000,0.00010000,1752424190131,True,True
trade,1752424190132,BTCUSDT,5081838503,118826.88000000,0.00010000,1752424190131,True,True
trade,1752424190132,BTCUSDT,5081838504,118826.88000000,0.00010000,1752424190131,True,True
trade,1752424190132,BTCUSDT,5081838505,118826.88000000,0.00005000,1752424190131,True,True
trade,1752424190132,BTCUSDT,5081838506,118826.88000000,0.00005000,1752424190131,True,True
trade,1752424190132,BTCUSDT,5081838507,118826.88000000,0.00005000,1752424190131,True,True
trade,1752424190132,BTCUSDT,5081838508,118826.88000000,0.00005000,1752424190131,True,True
trade,1752424190132,BTCUSDT,5081838509,118826.88000000,0.00005000,1752424190131,True,True
trade,1752424190132,BTCUSDT,5081838510,118826.88000000,0.00005000,1752424190131,True,True
trade,1752424190132,BTCUSDT,5081838511,118826.88000000,0.00005000,1752424190131,True,True
trade,1752424190132,BTCUSDT,5081838512,118826.88000000,0.00005000,1752424190131,True,True
trade,1752424190132,BTCUSDT,5081838513,118826.88000000,0.00174000,1752424190131,True,True
trade,1752424190132,BTCUSDT,5081838514,118826.88000000,0.00005000,1752424190131,True,True
trade,1752424190132,BTCUSDT,5081838515,118826.88000000,0.00005000,1752424190131,True,True
trade,1752424190132,BTCUSDT,5081838516,118826.87000000,0.00942000,1752424190131,True,True
trade,1752424190455,BTCUSDT,5081838517,118826.87000000,0.00050000,1752424190454,True,True
trade,1752424190702,BTCUSDT,5081838518,118826.88000000,0.00006000,1752424190702,False,True
trade,1752424191446,BTCUSDT,5081838519,118826.87000000,0.00099000,1752424191446,True,True
trade,1752424191446,BTCUSDT,5081838520,118826.87000000,0.00101000,1752424191446,True,True
trade,1752424192591,BTCUSDT,5081838521,118826.87000000,0.00117000,1752424192591,True,True
trade,1752424192634,BTCUSDT,5081838522,118826.87000000,0.00182000,1752424192634,True,True
trade,1752424195085,BTCUSDT,5081838523,118826.87000000,0.00148000,1752424195085,True,True
trade,1752424195364,BTCUSDT,5081838524,118826.87000000,0.00084000,1752424195364,True,True
trade,1752424195364,BTCUSDT,5081838525,118826.87000000,0.00252000,1752424195364,True,True
trade,1752424196014,BTCUSDT,5081838526,118826.87000000,0.00084000,1752424196014,True,True
trade,1752424196014,BTCUSDT,5081838527,118826.87000000,0.00252000,1752424196014,True,True
trade,1752424196344,BTCUSDT,5081838528,118826.87000000,0.00019000,1752424196343,True,True
trade,1752424196413,BTCUSDT,5081838529,118826.87000000,0.00086000,1752424196413,True,True
trade,1752424197168,BTCUSDT,5081838530,118826.88000000,0.00621000,1752424197167,False,True
trade,1752424197196,BTCUSDT,5081838531,118826.88000000,0.00542000,1752424197195,False,True
trade,1752424197552,BTCUSDT,5081838532,118826.88000000,0.00032000,1752424197552,False,True
trade,1752424197817,BTCUSDT,5081838533,118826.88000000,0.00126000,1752424197817,False,True
trade,1752424197854,BTCUSDT,5081838534,118826.88000000,0.00244000,1752424197854,False,True
trade,1752424198222,BTCUSDT,5081838535,118826.87000000,0.00100000,1752424198222,True,True
trade,1752424198655,BTCUSDT,5081838536,118826.88000000,0.00059000,1752424198654,False,True
trade,1752424199057,BTCUSDT,5081838537,118826.87000000,0.00168000,1752424199056,True,True
trade,1752424199211,BTCUSDT,5081838538,118826.88000000,0.00018000,1752424199210,False,True
trade,1752424199660,BTCUSDT,5081838539,118826.87000000,0.92084000,1752424199660,True,True
trade,1752424199660,BTCUSDT,5081838540,118826.87000000,0.00102000,1752424199660,True,True
trade,1752424199660,BTCUSDT,5081838541,118826.87000000,0.00077000,1752424199660,True,True
trade,1752424199660,BTCUSDT,5081838542,118826.87000000,0.00005000,1752424199660,True,True
trade,1752424199660,BTCUSDT,5081838543,118826.87000000,0.00005000,1752424199660,True,True
trade,1752424199660,BTCUSDT,5081838544,118826.87000000,0.00005000,1752424199660,True,True
trade,1752424199660,BTCUSDT,5081838545,118826.87000000,0.00005000,1752424199660,True,True
trade,1752424199660,BTCUSDT,5081838546,118826.87000000,0.00005000,1752424199660,True,True
trade,1752424199660,BTCUSDT,5081838547,118826.87000000,0.00005000,1752424199660,True,True
trade,1752424199660,BTCUSDT,5081838548,118826.87000000,0.00005000,1752424199660,True,True
trade,1752424199660,BTCUSDT,5081838549,118826.87000000,0.00005000,1752424199660,True,True
trade,1752424199660,BTCUSDT,5081838550,118826.87000000,0.00005000,1752424199660,True,True
trade,1752424199660,BTCUSDT,5081838551,118826.87000000,0.00005000,1752424199660,True,True
trade,1752424199660,BTCUSDT,5081838552,118826.87000000,0.00005000,1752424199660,True,True
trade,1752424199660,BTCUSDT,5081838553,118826.87000000,0.00005000,1752424199660,True,True
trade,1752424199660,BTCUSDT,5081838554,118826.87000000,0.00005000,1752424199660,True,True
trade,1752424199660,BTCUSDT,5081838555,118826.87000000,0.00005000,1752424199660,True,True
trade,1752424199660,BTCUSDT,5081838556,118826.87000000,0.00005000,1752424199660,True,True
trade,1752424199660,BTCUSDT,5081838557,118826.87000000,0.00005000,1752424199660,True,True
trade,1752424199660,BTCUSDT,5081838558,118826.87000000,0.00005000,1752424199660,True,True
trade,1752424199660,BTCUSDT,5081838559,118826.87000000,0.00005000,1752424199660,True,True
trade,1752424199660,BTCUSDT,5081838560,118826.87000000,0.00005000,1752424199660,True,True
trade,1752424199660,BTCUSDT,5081838561,118826.87000000,0.00005000,1752424199660,True,True
trade,1752424199660,BTCUSDT,5081838562,118826.87000000,0.00049000,1752424199660,True,True
trade,1752424199660,BTCUSDT,5081838563,118826.87000000,0.00489000,1752424199660,True,True
trade,1752424199660,BTCUSDT,5081838564,118826.87000000,0.00005000,1752424199660,True,True
trade,1752424199660,BTCUSDT,5081838565,118826.87000000,0.00005000,1752424199660,True,True
trade,1752424199660,BTCUSDT,5081838566,118826.87000000,0.00005000,1752424199660,True,True
trade,1752424199660,BTCUSDT,5081838567,118826.87000000,0.00005000,1752424199660,True,True
trade,1752424199660,BTCUSDT,5081838568,118826.87000000,0.00005000,1752424199660,True,True
trade,1752424199660,BTCUSDT,5081838569,118826.87000000,0.00005000,1752424199660,True,True
trade,1752424199660,BTCUSDT,5081838570,118826.87000000,0.00005000,1752424199660,True,True
trade,1752424199660,BTCUSDT,5081838571,118826.87000000,0.00005000,1752424199660,True,True
trade,1752424199660,BTCUSDT,5081838572,118826.87000000,0.00005000,1752424199660,True,True
trade,1752424199660,BTCUSDT,5081838573,118826.87000000,0.00005000,1752424199660,True,True
trade,1752424199660,BTCUSDT,5081838574,118826.87000000,0.00005000,1752424199660,True,True
trade,1752424199660,BTCUSDT,5081838575,118826.87000000,0.00023000,1752424199660,True,True
trade,1752424199660,BTCUSDT,5081838576,118826.87000000,0.00009000,1752424199660,True,True
trade,1752424199660,BTCUSDT,5081838577,118826.87000000,0.01746000,1752424199660,True,True
trade,1752424199660,BTCUSDT,5081838578,118826.87000000,0.00010000,1752424199660,True,True
trade,1752424199660,BTCUSDT,5081838579,118826.87000000,0.00005000,1752424199660,True,True
trade,1752424199660,BTCUSDT,5081838580,118826.87000000,0.00005000,1752424199660,True,True
trade,1752424199660,BTCUSDT,5081838581,118826.87000000,0.02103000,1752424199660,True,True
trade,1752424199660,BTCUSDT,5081838582,118826.87000000,0.00010000,1752424199660,True,True
trade,1752424199660,BTCUSDT,5081838583,118826.87000000,0.00010000,1752424199660,True,True
trade,1752424199660,BTCUSDT,5081838584,118826.87000000,0.00010000,1752424199660,True,True
trade,1752424199660,BTCUSDT,5081838585,118826.87000000,0.00005000,1752424199660,True,True
trade,1752424199660,BTCUSDT,5081838586,118826.87000000,0.00005000,1752424199660,True,True
trade,1752424199660,BTCUSDT,5081838587,118826.87000000,0.00005000,1752424199660,True,True
trade,1752424199660,BTCUSDT,5081838588,118826.87000000,0.00005000,1752424199660,True,True
trade,1752424199660,BTCUSDT,5081838589,118826.86000000,0.00005000,1752424199660,True,True
trade,1752424199660,BTCUSDT,5081838590,118826.86000000,0.00005000,1752424199660,True,True
trade,1752424199660,BTCUSDT,5081838591,118826.86000000,0.00005000,1752424199660,True,True
trade,1752424199660,BTCUSDT,5081838592,118826.86000000,0.00005000,1752424199660,True,True
trade,1752424199660,BTCUSDT,5081838593,118826.86000000,0.00005000,1752424199660,True,True
trade,1752424199660,BTCUSDT,5081838594,118826.86000000,0.00005000,1752424199660,True,True
trade,1752424199660,BTCUSDT,5081838595,118826.86000000,0.00005000,1752424199660,True,True
trade,1752424199660,BTCUSDT,5081838596,118826.86000000,0.00005000,1752424199660,True,True
trade,1752424199660,BTCUSDT,5081838597,118826.86000000,0.00005000,1752424199660,True,True
trade,1752424199660,BTCUSDT,5081838598,118826.86000000,0.00005000,1752424199660,True,True
trade,1752424199660,BTCUSDT,5081838599,118826.00000000,0.00220000,1752424199660,True,True
trade,1752424199660,BTCUSDT,5081838600,118826.00000000,0.00010000,1752424199660,True,True
trade,1752424199660,BTCUSDT,5081838601,118825.51000000,0.00042000,1752424199660,True,True
trade,1752424199660,BTCUSDT,5081838602,118825.42000000,0.00063000,1752424199660,True,True
trade,1752424199660,BTCUSDT,5081838603,118825.41000000,0.00063000,1752424199660,True,True
trade,1752424199660,BTCUSDT,5081838604,118825.40000000,0.00005000,1752424199660,True,True
trade,1752424199660,BTCUSDT,5081838605,118824.50000000,0.00050000,1752424199660,True,True
trade,1752424199660,BTCUSDT,5081838606,118824.21000000,0.00005000,1752424199660,True,True
trade,1752424199660,BTCUSDT,5081838607,118824.00000000,0.00010000,1752424199660,True,True
trade,1752424199660,BTCUSDT,5081838608,118824.00000000,0.00200000,1752424199660,True,True
trade,1752424199660,BTCUSDT,5081838609,118824.00000000,0.00010000,1752424199660,True,True
trade,1752424199660,BTCUSDT,5081838610,118824.00000000,0.00015000,1752424199660,True,True
trade,1752424199660,BTCUSDT,5081838611,118824.00000000,0.00010000,1752424199660,True,True
trade,1752424199660,BTCUSDT,5081838612,118823.76000000,0.00005000,1752424199660,True,True
trade,1752424199678,BTCUSDT,5081838613,118823.07000000,0.00084000,1752424199678,True,True
trade,1752424199679,BTCUSDT,5081838614,118823.07000000,0.00252000,1752424199679,True,True
trade,1752424199816,BTCUSDT,5081838615,118823.07000000,0.00399000,1752424199816,True,True
trade,1752424199816,BTCUSDT,5081838616,118823.07000000,0.00062000,1752424199816,True,True
trade,1752424199865,BTCUSDT,5081838617,118823.08000000,0.00212000,1752424199865,False,True
trade,1752424199865,BTCUSDT,5081838618,118823.08000000,0.01490000,1752424199865,False,True
trade,1752424199882,BTCUSDT,5081838619,118823.07000000,0.00081000,1752424199882,True,True
trade,1752424199988,BTCUSDT,5081838620,118823.07000000,0.00050000,1752424199987,True,True
trade,1752424200097,BTCUSDT,5081838621,118823.07000000,0.00755000,1752424200096,True,True
trade,1752424200097,BTCUSDT,5081838622,118823.07000000,0.00005000,1752424200096,True,True
trade,1752424200097,BTCUSDT,5081838623,118823.07000000,0.00005000,1752424200096,True,True
trade,1752424200097,BTCUSDT,5081838624,118823.07000000,0.00005000,1752424200096,True,True
trade,1752424200097,BTCUSDT,5081838625,118823.07000000,0.00005000,1752424200096,True,True
trade,1752424200097,BTCUSDT,5081838626,118823.07000000,0.00005000,1752424200096,True,True
trade,1752424200097,BTCUSDT,5081838627,118823.07000000,0.00005000,1752424200096,True,True
trade,1752424200097,BTCUSDT,5081838628,118823.07000000,0.00005000,1752424200096,True,True
trade,1752424200097,BTCUSDT,5081838629,118823.07000000,0.00056000,1752424200096,True,True
trade,1752424200097,BTCUSDT,5081838630,118823.07000000,0.00050000,1752424200096,True,True
trade,1752424200097,BTCUSDT,5081838631,118823.07000000,0.00005000,1752424200096,True,True
trade,1752424200097,BTCUSDT,5081838632,118823.07000000,0.00010000,1752424200096,True,True
trade,1752424200097,BTCUSDT,5081838633,118823.07000000,0.00005000,1752424200096,True,True
trade,1752424200097,BTCUSDT,5081838634,118823.07000000,0.00010000,1752424200096,True,True
trade,1752424200097,BTCUSDT,5081838635,118823.07000000,0.00010000,1752424200096,True,True
trade,1752424200097,BTCUSDT,5081838636,118823.07000000,0.00005000,1752424200096,True,True
trade,1752424200097,BTCUSDT,5081838637,118823.07000000,0.00005000,1752424200096,True,True
trade,1752424200097,BTCUSDT,5081838638,118823.07000000,0.00005000,1752424200096,True,True
trade,1752424200097,BTCUSDT,5081838639,118823.07000000,0.00005000,1752424200096,True,True
trade,1752424200097,BTCUSDT,5081838640,118823.07000000,0.00010000,1752424200096,True,True
trade,1752424200097,BTCUSDT,5081838641,118823.07000000,0.00005000,1752424200096,True,True
trade,1752424200097,BTCUSDT,5081838642,118823.07000000,0.00005000,1752424200096,True,True
trade,1752424200097,BTCUSDT,5081838643,118823.07000000,0.00005000,1752424200096,True,True
trade,1752424200097,BTCUSDT,5081838644,118823.07000000,0.00005000,1752424200096,True,True
trade,1752424200097,BTCUSDT,5081838645,118823.07000000,0.00005000,1752424200096,True,True
trade,1752424200097,BTCUSDT,5081838646,118823.07000000,0.00005000,1752424200096,True,True
trade,1752424200097,BTCUSDT,5081838647,118823.07000000,0.00005000,1752424200096,True,True
trade,1752424200097,BTCUSDT,5081838648,118823.07000000,0.00005000,1752424200096,True,True
trade,1752424200097,BTCUSDT,5081838649,118823.07000000,0.00005000,1752424200096,True,True
trade,1752424200097,BTCUSDT,5081838650,118823.07000000,0.00005000,1752424200096,True,True
trade,1752424200097,BTCUSDT,5081838651,118823.07000000,0.00034000,1752424200096,True,True
trade,1752424200097,BTCUSDT,5081838652,118823.07000000,0.00005000,1752424200096,True,True
trade,1752424200097,BTCUSDT,5081838653,118823.07000000,0.00005000,1752424200096,True,True
trade,1752424200097,BTCUSDT,5081838654,118823.07000000,0.00005000,1752424200096,True,True
trade,1752424200097,BTCUSDT,5081838655,118823.07000000,0.00005000,1752424200096,True,True
trade,1752424200097,BTCUSDT,5081838656,118823.07000000,0.00005000,1752424200096,True,True
trade,1752424200097,BTCUSDT,5081838657,118823.07000000,0.00005000,1752424200096,True,True
trade,1752424200097,BTCUSDT,5081838658,118823.06000000,0.00005000,1752424200096,True,True
trade,1752424200097,BTCUSDT,5081838659,118823.06000000,0.00005000,1752424200096,True,True
trade,1752424200097,BTCUSDT,5081838660,118823.06000000,0.00010000,1752424200096,True,True
trade,1752424200097,BTCUSDT,5081838661,118823.06000000,0.00005000,1752424200096,True,True
trade,1752424200097,BTCUSDT,5081838662,118823.06000000,0.00005000,1752424200096,True,True
trade,1752424200097,BTCUSDT,5081838663,118823.06000000,0.00005000,1752424200096,True,True
trade,1752424200097,BTCUSDT,5081838664,118823.06000000,0.00005000,1752424200096,True,True
trade,1752424200097,BTCUSDT,5081838665,118823.06000000,0.00005000,1752424200096,True,True
trade,1752424200097,BTCUSDT,5081838666,118823.06000000,0.00005000,1752424200096,True,True
trade,1752424200097,BTCUSDT,5081838667,118823.06000000,0.00005000,1752424200096,True,True
trade,1752424200097,BTCUSDT,5081838668,118823.06000000,0.00005000,1752424200096,True,True
trade,1752424200097,BTCUSDT,5081838669,118823.03000000,0.00005000,1752424200096,True,True
trade,1752424200097,BTCUSDT,5081838670,118821.59000000,0.00063000,1752424200096,True,True
trade,1752424200097,BTCUSDT,5081838671,118821.54000000,0.00063000,1752424200096,True,True
trade,1752424200097,BTCUSDT,5081838672,118820.84000000,0.00009000,1752424200096,True,True
trade,1752424200097,BTCUSDT,5081838673,118820.80000000,0.00093000,1752424200096,True,True
trade,1752424200097,BTCUSDT,5081838674,118820.65000000,0.00005000,1752424200096,True,True
trade,1752424200098,BTCUSDT,5081838675,118820.00000000,0.01683000,1752424200097,True,True
trade,1752424200098,BTCUSDT,5081838676,118820.00000000,0.00010000,1752424200097,True,True
trade,1752424200098,BTCUSDT,5081838677,118820.00000000,0.00200000,1752424200097,True,True
trade,1752424200098,BTCUSDT,5081838678,118820.00000000,0.00010000,1752424200097,True,True
trade,1752424200098,BTCUSDT,5081838679,118820.00000000,0.00015000,1752424200097,True,True
trade,1752424200098,BTCUSDT,5081838680,118820.00000000,0.00005000,1752424200097,True,True
trade,1752424200098,BTCUSDT,5081838681,118820.00000000,0.00005000,1752424200097,True,True
trade,1752424200098,BTCUSDT,5081838682,118820.00000000,0.00005000,1752424200097,True,True
trade,1752424200098,BTCUSDT,5081838683,118820.00000000,0.00005000,1752424200097,True,True
trade,1752424200098,BTCUSDT,5081838684,118820.00000000,0.00010000,1752424200097,True,True
trade,1752424200098,BTCUSDT,5081838685,118819.98000000,0.00005000,1752424200097,True,True
trade,1752424200098,BTCUSDT,5081838686,118818.47000000,0.00005000,1752424200097,True,True
trade,1752424200098,BTCUSDT,5081838687,118818.47000000,0.00005000,1752424200097,True,True
trade,1752424200098,BTCUSDT,5081838688,118818.47000000,0.00005000,1752424200097,True,True
trade,1752424200098,BTCUSDT,5081838689,118818.25000000,0.02778000,1752424200097,True,True
trade,1752424200098,BTCUSDT,5081838690,118818.25000000,0.05576000,1752424200097,True,True
trade,1752424200098,BTCUSDT,5081838691,118818.25000000,0.00010000,1752424200097,True,True
trade,1752424200098,BTCUSDT,5081838692,118818.25000000,0.00005000,1752424200097,True,True
trade,1752424200098,BTCUSDT,5081838693,118818.25000000,0.00005000,1752424200097,True,True
trade,1752424200098,BTCUSDT,5081838694,118818.25000000,0.00005000,1752424200097,True,True
trade,1752424200098,BTCUSDT,5081838695,118818.25000000,0.00005000,1752424200097,True,True
trade,1752424200098,BTCUSDT,5081838696,118818.25000000,0.00005000,1752424200097,True,True
trade,1752424200098,BTCUSDT,5081838697,118817.82000000,0.00005000,1752424200097,True,True
trade,1752424200098,BTCUSDT,5081838698,118817.25000000,0.00141000,1752424200097,True,True
trade,1752424200098,BTCUSDT,5081838699,118817.25000000,0.00010000,1752424200098,True,True
trade,1752424200099,BTCUSDT,5081838700,118816.69000000,0.00009000,1752424200098,True,True
trade,1752424200099,BTCUSDT,5081838701,118816.54000000,0.00005000,1752424200098,True,True
trade,1752424200099,BTCUSDT,5081838702,118816.42000000,0.00050000,1752424200098,True,True
trade,1752424200099,BTCUSDT,5081838703,118816.00000000,0.00020000,1752424200098,True,True
trade,1752424200102,BTCUSDT,5081838704,118817.25000000,0.00010000,1752424200100,True,True
trade,1752424200102,BTCUSDT,5081838705,118816.69000000,0.00005000,1752424200100,True,True
trade,1752424200102,BTCUSDT,5081838706,118816.69000000,0.00005000,1752424200100,True,True
trade,1752424200102,BTCUSDT,5081838707,118816.00000000,0.00124000,1752424200100,True,True
trade,1752424200104,BTCUSDT,5081838708,118816.00000000,0.00056000,1752424200102,True,True
trade,1752424200104,BTCUSDT,5081838709,118816.00000000,0.00010000,1752424200102,True,True
trade,1752424200104,BTCUSDT,5081838710,118816.00000000,0.00010000,1752424200102,True,True
trade,1752424200104,BTCUSDT,5081838711,118816.00000000,0.00015000,1752424200102,True,True
trade,1752424200104,BTCUSDT,5081838712,118814.98000000,0.00005000,1752424200102,True,True
trade,1752424200104,BTCUSDT,5081838713,118814.98000000,0.00005000,1752424200102,True,True
trade,1752424200104,BTCUSDT,5081838714,118814.98000000,0.00005000,1752424200102,True,True
trade,1752424200109,BTCUSDT,5081838715,118814.72000000,0.00005000,1752424200105,True,True
trade,1752424200109,BTCUSDT,5081838716,118814.27000000,0.00079000,1752424200105,True,True
trade,1752424200110,BTCUSDT,5081838717,118814.27000000,0.00008000,1752424200106,True,True
trade,1752424200110,BTCUSDT,5081838718,118814.12000000,0.00089000,1752424200106,True,True
trade,1752424200110,BTCUSDT,5081838719,118813.66000000,0.00087000,1752424200106,True,True
trade,1752424200110,BTCUSDT,5081838720,118813.46000000,0.00009000,1752424200106,True,True
trade,1752424200110,BTCUSDT,5081838721,118813.15000000,0.00005000,1752424200106,True,True
trade,1752424200110,BTCUSDT,5081838722,118813.15000000,0.00005000,1752424200106,True,True
trade,1752424200110,BTCUSDT,5081838723,118813.15000000,0.00005000,1752424200106,True,True
trade,1752424200110,BTCUSDT,5081838724,118812.40000000,0.00005000,1752424200106,True,True
trade,1752424200110,BTCUSDT,5081838725,118812.40000000,0.00039000,1752424200106,True,True
trade,1752424200192,BTCUSDT,5081838726,118812.40000000,0.00005000,1752424200192,True,True
trade,1752424200192,BTCUSDT,5081838727,118812.40000000,0.00005000,1752424200192,True,True
trade,1752424200192,BTCUSDT,5081838728,118812.40000000,0.00005000,1752424200192,True,True
trade,1752424200192,BTCUSDT,5081838729,118812.40000000,0.00005000,1752424200192,True,True
trade,1752424200192,BTCUSDT,5081838730,118812.40000000,0.00005000,1752424200192,True,True
trade,1752424200192,BTCUSDT,5081838731,118812.40000000,0.00005000,1752424200192,True,True
trade,1752424200192,BTCUSDT,5081838732,118812.40000000,0.00005000,1752424200192,True,True
trade,1752424200192,BTCUSDT,5081838733,118812.40000000,0.00005000,1752424200192,True,True
trade,1752424200192,BTCUSDT,5081838734,118812.40000000,0.00005000,1752424200192,True,True
trade,1752424200192,BTCUSDT,5081838735,118812.40000000,0.00005000,1752424200192,True,True
trade,1752424200192,BTCUSDT,5081838736,118812.40000000,0.00010000,1752424200192,True,True
trade,1752424200192,BTCUSDT,5081838737,118812.40000000,0.00005000,1752424200192,True,True
trade,1752424200192,BTCUSDT,5081838738,118812.40000000,0.00005000,1752424200192,True,True
trade,1752424200192,BTCUSDT,5081838739,118812.40000000,0.00005000,1752424200192,True,True
trade,1752424200192,BTCUSDT,5081838740,118812.40000000,0.00005000,1752424200192,True,True
trade,1752424200192,BTCUSDT,5081838741,118812.40000000,0.00005000,1752424200192,True,True
trade,1752424200192,BTCUSDT,5081838742,118812.40000000,0.00005000,1752424200192,True,True
trade,1752424200192,BTCUSDT,5081838743,118812.40000000,0.00005000,1752424200192,True,True
trade,1752424200192,BTCUSDT,5081838744,118812.40000000,0.00005000,1752424200192,True,True
trade,1752424200192,BTCUSDT,5081838745,118812.40000000,0.00005000,1752424200192,True,True
trade,1752424200192,BTCUSDT,5081838746,118812.40000000,0.00444000,1752424200192,True,True
trade,1752424200193,BTCUSDT,5081838747,118812.40000000,0.00017000,1752424200192,True,True
trade,1752424200197,BTCUSDT,5081838748,118812.40000000,0.00015000,1752424200196,True,True
trade,1752424200199,BTCUSDT,5081838749,118812.40000000,0.00076000,1752424200199,True,True
trade,1752424200200,BTCUSDT,5081838750,118812.40000000,0.00553000,1752424200199,True,True
trade,1752424200202,BTCUSDT,5081838751,118812.40000000,0.00928000,1752424200202,True,True
trade,1752424200297,BTCUSDT,5081838752,118812.40000000,0.00038000,1752424200297,True,True
trade,1752424200297,BTCUSDT,5081838753,118812.40000000,0.00005000,1752424200297,True,True
trade,1752424200297,BTCUSDT,5081838754,118812.40000000,0.00010000,1752424200297,True,True
trade,1752424200297,BTCUSDT,5081838755,118812.40000000,0.00005000,1752424200297,True,True
trade,1752424200297,BTCUSDT,5081838756,118812.40000000,0.00005000,1752424200297,True,True
trade,1752424200297,BTCUSDT,5081838757,118812.40000000,0.00005000,1752424200297,True,True
trade,1752424200297,BTCUSDT,5081838758,118812.40000000,0.00005000,1752424200297,True,True
trade,1752424200297,BTCUSDT,5081838759,118812.40000000,0.00005000,1752424200297,True,True
trade,1752424200297,BTCUSDT,5081838760,118812.40000000,0.00005000,1752424200297,True,True
trade,1752424200297,BTCUSDT,5081838761,118812.40000000,0.00005000,1752424200297,True,True
trade,1752424200297,BTCUSDT,5081838762,118812.40000000,0.00005000,1752424200297,True,True
trade,1752424200297,BTCUSDT,5081838763,118812.40000000,0.00005000,1752424200297,True,True
trade,1752424200297,BTCUSDT,5081838764,118812.40000000,0.00005000,1752424200297,True,True
trade,1752424200297,BTCUSDT,5081838765,118812.40000000,0.00005000,1752424200297,True,True
trade,1752424200297,BTCUSDT,5081838766,118812.40000000,0.00005000,1752424200297,True,True
trade,1752424200297,BTCUSDT,5081838767,118812.40000000,0.00005000,1752424200297,True,True
trade,1752424200297,BTCUSDT,5081838768,118812.40000000,0.00005000,1752424200297,True,True
trade,1752424200297,BTCUSDT,5081838769,118812.40000000,0.00005000,1752424200297,True,True
trade,1752424200297,BTCUSDT,5081838770,118812.40000000,0.00005000,1752424200297,True,True
trade,1752424200297,BTCUSDT,5081838771,118812.40000000,0.00005000,1752424200297,True,True
trade,1752424200297,BTCUSDT,5081838772,118812.40000000,0.00005000,1752424200297,True,True
trade,1752424200297,BTCUSDT,5081838773,118812.40000000,0.00005000,1752424200297,True,True
trade,1752424200297,BTCUSDT,5081838774,118812.40000000,0.00005000,1752424200297,True,True
trade,1752424200297,BTCUSDT,5081838775,118812.35000000,0.00005000,1752424200297,True,True
trade,1752424200297,BTCUSDT,5081838776,118812.35000000,0.00005000,1752424200297,True,True
trade,1752424200297,BTCUSDT,5081838777,118812.35000000,0.00005000,1752424200297,True,True
trade,1752424200297,BTCUSDT,5081838778,118812.35000000,0.00005000,1752424200297,True,True
trade,1752424200297,BTCUSDT,5081838779,118812.35000000,0.00005000,1752424200297,True,True
trade,1752424200297,BTCUSDT,5081838780,118812.01000000,0.00040000,1752424200297,True,True
trade,1752424200465,BTCUSDT,5081838781,118812.40000000,0.00010000,1752424200465,True,True
trade,1752424200465,BTCUSDT,5081838782,118812.40000000,0.00015000,1752424200465,True,True
trade,1752424200465,BTCUSDT,5081838783,118812.40000000,0.00005000,1752424200465,True,True
trade,1752424200465,BTCUSDT,5081838784,118812.40000000,0.00005000,1752424200465,True,True
trade,1752424200465,BTCUSDT,5081838785,118812.40000000,0.00005000,1752424200465,True,True
trade,1752424200465,BTCUSDT,5081838786,118812.40000000,0.00005000,1752424200465,True,True
trade,1752424200465,BTCUSDT,5081838787,118812.40000000,0.00005000,1752424200465,True,True
trade,1752424200651,BTCUSDT,5081838788,118812.40000000,0.00005000,1752424200650,True,True
trade,1752424200651,BTCUSDT,5081838789,118812.40000000,0.00050000,1752424200650,True,True
trade,1752424200651,BTCUSDT,5081838790,118812.40000000,0.00003000,1752424200650,True,True
trade,1752424200665,BTCUSDT,5081838791,118812.41000000,0.00033000,1752424200665,False,True
trade,1752424200745,BTCUSDT,5081838792,118812.40000000,0.00002000,1752424200744,True,True
trade,1752424200745,BTCUSDT,5081838793,118812.40000000,0.00005000,1752424200744,True,True
trade,1752424200745,BTCUSDT,5081838794,118812.40000000,0.00005000,1752424200744,True,True
trade,1752424200745,BTCUSDT,5081838795,118812.40000000,0.00005000,1752424200744,True,True
trade,1752424200745,BTCUSDT,5081838796,118812.40000000,0.00005000,1752424200744,True,True
trade,1752424200745,BTCUSDT,5081838797,118812.40000000,0.00005000,1752424200744,True,True
trade,1752424200745,BTCUSDT,5081838798,118812.40000000,0.00010000,1752424200744,True,True
trade,1752424200745,BTCUSDT,5081838799,118812.40000000,0.00005000,1752424200744,True,True
trade,1752424200745,BTCUSDT,5081838800,118812.40000000,0.00005000,1752424200744,True,True
trade,1752424200745,BTCUSDT,5081838801,118812.40000000,0.00006000,1752424200744,True,True
trade,1752424200745,BTCUSDT,5081838802,118812.40000000,0.00005000,1752424200744,True,True
trade,1752424200745,BTCUSDT,5081838803,118812.40000000,0.00010000,1752424200744,True,True
trade,1752424200745,BTCUSDT,5081838804,118812.40000000,0.00005000,1752424200744,True,True
trade,1752424200745,BTCUSDT,5081838805,118812.40000000,0.00049000,1752424200744,True,True
trade,1752424200745,BTCUSDT,5081838806,118812.40000000,0.00005000,1752424200744,True,True
trade,1752424200745,BTCUSDT,5081838807,118812.40000000,0.00005000,1752424200744,True,True
trade,1752424200745,BTCUSDT,5081838808,118812.40000000,0.00005000,1752424200744,True,True
trade,1752424200745,BTCUSDT,5081838809,118812.40000000,0.00005000,1752424200744,True,True
trade,1752424200745,BTCUSDT,5081838810,118812.40000000,0.00005000,1752424200744,True,True
trade,1752424200745,BTCUSDT,5081838811,118812.01000000,0.00037000,1752424200744,True,True
trade,1752424200745,BTCUSDT,5081838812,118812.01000000,0.00005000,1752424200744,True,True
trade,1752424200745,BTCUSDT,5081838813,118812.01000000,0.00005000,1752424200744,True,True
trade,1752424200745,BTCUSDT,5081838814,118812.00000000,0.00200000,1752424200744,True,True
trade,1752424200745,BTCUSDT,5081838815,118812.00000000,0.00010000,1752424200744,True,True
trade,1752424200745,BTCUSDT,5081838816,118812.00000000,0.00010000,1752424200744,True,True
trade,1752424200745,BTCUSDT,5081838817,118812.00000000,0.00015000,1752424200744,True,True
trade,1752424200745,BTCUSDT,5081838818,118812.00000000,0.00010000,1752424200744,True,True
trade,1752424200745,BTCUSDT,5081838819,118811.88000000,0.00005000,1752424200744,True,True
trade,1752424200745,BTCUSDT,5081838820,118811.16000000,0.00005000,1752424200744,True,True
trade,1752424200745,BTCUSDT,5081838821,118811.00000000,0.00169000,1752424200744,True,True
trade,1752424200745,BTCUSDT,5081838822,118811.00000000,0.00010000,1752424200744,True,True
trade,1752424200745,BTCUSDT,5081838823,118810.86000000,0.00063000,1752424200744,True,True
trade,1752424200745,BTCUSDT,5081838824,118810.82000000,0.00063000,1752424200744,True,True
trade,1752424200745,BTCUSDT,5081838825,118810.11000000,0.00009000,1752424200744,True,True
trade,1752424200745,BTCUSDT,5081838826,118809.98000000,0.00005000,1752424200744,True,True
trade,1752424200745,BTCUSDT,5081838827,118808.00000000,0.00010000,1752424200744,True,True
trade,1752424200745,BTCUSDT,5081838828,118808.00000000,0.00200000,1752424200744,True,True
trade,1752424200745,BTCUSDT,5081838829,118808.00000000,0.00010000,1752424200744,True,True
trade,1752424200745,BTCUSDT,5081838830,118808.00000000,0.00015000,1752424200744,True,True
trade,1752424200745,BTCUSDT,5081838831,118807.66000000,0.00005000,1752424200744,True,True
trade,1752424200745,BTCUSDT,5081838832,118807.57000000,0.00560000,1752424200744,True,True
trade,1752424200745,BTCUSDT,5081838833,118806.20000000,0.00005000,1752424200744,True,True
trade,1752424200745,BTCUSDT,5081838834,118805.94000000,0.00005000,1752424200744,True,True
trade,1752424200745,BTCUSDT,5081838835,118805.25000000,0.00151000,1752424200744,True,True
trade,1752424200745,BTCUSDT,5081838836,118804.17000000,0.00009000,1752424200744,True,True
trade,1752424200745,BTCUSDT,5081838837,118804.00000000,0.00200000,1752424200744,True,True
trade,1752424200745,BTCUSDT,5081838838,118804.00000000,0.00010000,1752424200744,True,True
trade,1752424200745,BTCUSDT,5081838839,118804.00000000,0.00010000,1752424200744,True,True
trade,1752424200745,BTCUSDT,5081838840,118804.00000000,0.00015000,1752424200744,True,True
trade,1752424200745,BTCUSDT,5081838841,118803.57000000,0.00021000,1752424200744,True,True
trade,1752424200745,BTCUSDT,5081838842,118802.98000000,0.00005000,1752424200744,True,True
trade,1752424200745,BTCUSDT,5081838843,118802.98000000,0.00005000,1752424200744,True,True
trade,1752424200745,BTCUSDT,5081838844,118802.97000000,0.00005000,1752424200744,True,True
trade,1752424200745,BTCUSDT,5081838845,118802.93000000,0.00005000,1752424200744,True,True
trade,1752424200745,BTCUSDT,5081838846,118802.75000000,0.00005000,1752424200744,True,True
trade,1752424200745,BTCUSDT,5081838847,118802.35000000,0.01673000,1752424200744,True,True
trade,1752424200745,BTCUSDT,5081838848,118802.35000000,0.00005000,1752424200744,True,True
trade,1752424200745,BTCUSDT,5081838849,118802.35000000,0.00005000,1752424200744,True,True
trade,1752424200745,BTCUSDT,5081838850,118802.28000000,0.00082000,1752424200744,True,True
trade,1752424200745,BTCUSDT,5081838851,118801.44000000,0.00089000,1752424200744,True,True
trade,1752424200745,BTCUSDT,5081838852,118800.43000000,0.00009000,1752424200744,True,True
trade,1752424200745,BTCUSDT,5081838853,118800.07000000,0.00005000,1752424200744,True,True
trade,1752424200745,BTCUSDT,5081838854,118800.07000000,0.00005000,1752424200744,True,True
trade,1752424200745,BTCUSDT,5081838855,118800.07000000,0.00005000,1752424200744,True,True
trade,1752424200745,BTCUSDT,5081838856,118800.02000000,0.00005000,1752424200744,True,True
trade,1752424200745,BTCUSDT,5081838857,118800.01000000,0.00005000,1752424200744,True,True
trade,1752424200745,BTCUSDT,5081838858,118800.01000000,0.06814000,1752424200744,True,True
trade,1752424200745,BTCUSDT,5081838859,118800.01000000,0.00005000,1752424200744,True,True
trade,1752424200745,BTCUSDT,5081838860,118800.01000000,0.34241000,1752424200744,True,True
trade,1752424200745,BTCUSDT,5081838861,118800.01000000,0.00005000,1752424200744,True,True
trade,1752424200745,BTCUSDT,5081838862,118800.01000000,0.00005000,1752424200744,True,True
trade,1752424200745,BTCUSDT,5081838863,118800.01000000,0.00005000,1752424200744,True,True
trade,1752424200745,BTCUSDT,5081838864,118800.01000000,0.00005000,1752424200744,True,True
trade,1752424200745,BTCUSDT,5081838865,118800.01000000,0.00005000,1752424200744,True,True
trade,1752424200745,BTCUSDT,5081838866,118800.01000000,0.00005000,1752424200744,True,True
trade,1752424200745,BTCUSDT,5081838867,118800.01000000,0.00005000,1752424200744,True,True
trade,1752424200745,BTCUSDT,5081838868,118800.01000000,0.00005000,1752424200744,True,True
trade,1752424200745,BTCUSDT,5081838869,118800.01000000,0.00005000,1752424200744,True,True
trade,1752424200745,BTCUSDT,5081838870,118800.00000000,0.00005000,1752424200744,True,True
trade,1752424200745,BTCUSDT,5081838871,118800.00000000,0.00005000,1752424200744,True,True
trade,1752424200745,BTCUSDT,5081838872,118800.00000000,0.00200000,1752424200744,True,True
trade,1752424200745,BTCUSDT,5081838873,118800.00000000,0.00010000,1752424200744,True,True
trade,1752424200745,BTCUSDT,5081838874,118800.00000000,1.26263000,1752424200744,True,True
trade,1752424200745,BTCUSDT,5081838875,118800.00000000,0.00010000,1752424200744,True,True
trade,1752424200745,BTCUSDT,5081838876,118800.00000000,0.00015000,1752424200744,True,True
trade,1752424200745,BTCUSDT,5081838877,118800.00000000,0.00084000,1752424200744,True,True
trade,1752424200745,BTCUSDT,5081838878,118800.00000000,0.00236000,1752424200744,True,True
trade,1752424200745,BTCUSDT,5081838879,118800.00000000,0.01683000,1752424200744,True,True
trade,1752424200745,BTCUSDT,5081838880,118800.00000000,0.00007000,1752424200744,True,True
trade,1752424200745,BTCUSDT,5081838881,118800.00000000,0.01201000,1752424200744,True,True
trade,1752424200745,BTCUSDT,5081838882,118800.00000000,0.00052000,1752424200744,True,True
trade,1752424200745,BTCUSDT,5081838883,118800.00000000,0.00030000,1752424200744,True,True
trade,1752424200745,BTCUSDT,5081838884,118800.00000000,0.02102000,1752424200744,True,True
trade,1752424200745,BTCUSDT,5081838885,118800.00000000,0.00005000,1752424200744,True,True
trade,1752424200745,BTCUSDT,5081838886,118800.00000000,0.00548000,1752424200744,True,True
trade,1752424200745,BTCUSDT,5081838887,118800.00000000,0.00005000,1752424200744,True,True
trade,1752424200745,BTCUSDT,5081838888,118800.00000000,0.00084000,1752424200744,True,True
trade,1752424200745,BTCUSDT,5081838889,118800.00000000,0.00294000,1752424200744,True,True
trade,1752424200745,BTCUSDT,5081838890,118800.00000000,0.00005000,1752424200744,True,True
trade,1752424200745,BTCUSDT,5081838891,118800.00000000,0.00005000,1752424200744,True,True
trade,1752424200745,BTCUSDT,5081838892,118800.00000000,0.00005000,1752424200744,True,True
trade,1752424200745,BTCUSDT,5081838893,118800.00000000,0.00005000,1752424200744,True,True
trade,1752424200745,BTCUSDT,5081838894,118800.00000000,0.00005000,1752424200744,True,True
trade,1752424200745,BTCUSDT,5081838895,118800.00000000,0.00005000,1752424200744,True,True
trade,1752424200745,BTCUSDT,5081838896,118800.00000000,0.00005000,1752424200744,True,True
trade,1752424200745,BTCUSDT,5081838897,118799.97000000,0.00421000,1752424200744,True,True
trade,1752424200745,BTCUSDT,5081838898,118799.88000000,0.00091000,1752424200744,True,True
trade,1752424200745,BTCUSDT,5081838899,118799.40000000,0.00089000,1752424200744,True,True
trade,1752424200745,BTCUSDT,5081838900,118799.31000000,0.00005000,1752424200744,True,True
trade,1752424200745,BTCUSDT,5081838901,118798.91000000,0.00405000,1752424200744,True,True
trade,1752424200745,BTCUSDT,5081838902,118798.78000000,0.27765000,1752424200744,True,True
trade,1752424200745,BTCUSDT,5081838903,118798.78000000,0.00005000,1752424200744,True,True
trade,1752424200745,BTCUSDT,5081838904,118798.78000000,0.00005000,1752424200744,True,True
trade,1752424200745,BTCUSDT,5081838905,118798.78000000,0.00005000,1752424200744,True,True
trade,1752424200745,BTCUSDT,5081838906,118798.78000000,0.00005000,1752424200744,True,True
trade,1752424200745,BTCUSDT,5081838907,118798.78000000,0.00005000,1752424200744,True,True
trade,1752424200745,BTCUSDT,5081838908,118798.47000000,0.00005000,1752424200744,True,True
trade,1752424200745,BTCUSDT,5081838909,118798.47000000,0.00005000,1752424200744,True,True
trade,1752424200745,BTCUSDT,5081838910,118798.47000000,0.00005000,1752424200744,True,True
trade,1752424200745,BTCUSDT,5081838911,118798.46000000,0.00005000,1752424200744,True,True
trade,1752424200745,BTCUSDT,5081838912,118798.46000000,0.00005000,1752424200744,True,True
trade,1752424200745,BTCUSDT,5081838913,118798.46000000,0.00005000,1752424200744,True,True
trade,1752424200745,BTCUSDT,5081838914,118798.46000000,0.00005000,1752424200744,True,True
trade,1752424200745,BTCUSDT,5081838915,118798.46000000,0.00005000,1752424200744,True,True
trade,1752424200745,BTCUSDT,5081838916,118798.46000000,0.00005000,1752424200744,True,True
trade,1752424200745,BTCUSDT,5081838917,118798.45000000,0.43709000,1752424200744,True,True
trade,1752424200745,BTCUSDT,5081838918,118798.45000000,0.06784000,1752424200744,True,True
trade,1752424200745,BTCUSDT,5081838919,118798.45000000,0.00005000,1752424200744,True,True
trade,1752424200745,BTCUSDT,5081838920,118798.45000000,0.00005000,1752424200744,True,True
trade,1752424200745,BTCUSDT,5081838921,118798.45000000,0.00005000,1752424200744,True,True
trade,1752424200745,BTCUSDT,5081838922,118798.45000000,0.00005000,1752424200744,True,True
trade,1752424200745,BTCUSDT,5081838923,118798.45000000,0.00005000,1752424200744,True,True
trade,1752424200745,BTCUSDT,5081838924,118798.45000000,0.00005000,1752424200744,True,True
trade,1752424200745,BTCUSDT,5081838925,118798.45000000,0.00005000,1752424200744,True,True
trade,1752424200745,BTCUSDT,5081838926,118798.45000000,0.00005000,1752424200744,True,True
trade,1752424200745,BTCUSDT,5081838927,118798.45000000,0.00005000,1752424200744,True,True
trade,1752424200745,BTCUSDT,5081838928,118798.45000000,0.00005000,1752424200744,True,True
trade,1752424200745,BTCUSDT,5081838929,118797.70000000,0.00010000,1752424200744,True,True
trade,1752424200745,BTCUSDT,5081838930,118797.55000000,0.00082000,1752424200744,True,True
trade,1752424200755,BTCUSDT,5081838931,118797.54000000,0.00005000,1752424200748,True,True
trade,1752424200755,BTCUSDT,5081838932,118797.54000000,0.21426000,1752424200748,True,True
trade,1752424200755,BTCUSDT,5081838933,118797.54000000,0.00005000,1752424200748,True,True
trade,1752424200755,BTCUSDT,5081838934,118797.54000000,0.00005000,1752424200748,True,True
trade,1752424200755,BTCUSDT,5081838935,118797.40000000,0.00009000,1752424200748,True,True
trade,1752424200755,BTCUSDT,5081838936,118797.06000000,0.00005000,1752424200748,True,True
trade,1752424200755,BTCUSDT,5081838937,118796.97000000,0.00150000,1752424200748,True,True
trade,1752424200755,BTCUSDT,5081838938,118796.96000000,0.00087000,1752424200748,True,True
trade,1752424200755,BTCUSDT,5081838939,118796.46000000,0.00010000,1752424200748,True,True
trade,1752424200755,BTCUSDT,5081838940,118796.00000000,0.00200000,1752424200748,True,True
trade,1752424200755,BTCUSDT,5081838941,118796.00000000,0.00010000,1752424200748,True,True
trade,1752424200755,BTCUSDT,5081838942,118796.00000000,0.00010000,1752424200748,True,True
trade,1752424200755,BTCUSDT,5081838943,118796.00000000,0.00015000,1752424200748,True,True
trade,1752424200755,BTCUSDT,5081838944,118795.86000000,0.00005000,1752424200748,True,True
trade,1752424200755,BTCUSDT,5081838945,118795.05000000,0.00005000,1752424200748,True,True
trade,1752424200755,BTCUSDT,5081838946,118794.92000000,0.00010000,1752424200748,True,True
trade,1752424200755,BTCUSDT,5081838947,118794.58000000,0.00151000,1752424200748,True,True
trade,1752424200755,BTCUSDT,5081838948,118794.34000000,0.00005000,1752424200748,True,True
trade,1752424200755,BTCUSDT,5081838949,118794.33000000,0.00005000,1752424200748,True,True
trade,1752424200755,BTCUSDT,5081838950,118794.33000000,0.00005000,1752424200748,True,True
trade,1752424200755,BTCUSDT,5081838951,118794.33000000,0.00005000,1752424200748,True,True
trade,1752424200755,BTCUSDT,5081838952,118794.33000000,0.00005000,1752424200748,True,True
trade,1752424200755,BTCUSDT,5081838953,118794.33000000,0.00005000,1752424200748,True,True
trade,1752424200759,BTCUSDT,5081838954,118794.32000000,0.00084000,1752424200750,True,True
trade,1752424200760,BTCUSDT,5081838955,118794.32000000,0.01302000,1752424200750,True,True
trade,1752424200761,BTCUSDT,5081838956,118794.32000000,0.05582000,1752424200751,True,True
trade,1752424200762,BTCUSDT,5081838957,118794.32000000,0.02497000,1752424200751,True,True
trade,1752424200762,BTCUSDT,5081838958,118794.32000000,0.10570000,1752424200751,True,True
trade,1752424200762,BTCUSDT,5081838959,118794.32000000,0.00005000,1752424200751,True,True
trade,1752424200763,BTCUSDT,5081838960,118794.32000000,0.10251000,1752424200752,True,True
trade,1752424200763,BTCUSDT,5081838961,118794.32000000,0.00005000,1752424200752,True,True
trade,1752424200763,BTCUSDT,5081838962,118794.32000000,0.00005000,1752424200752,True,True
trade,1752424200763,BTCUSDT,5081838963,118794.32000000,0.00005000,1752424200752,True,True
trade,1752424200763,BTCUSDT,5081838964,118794.06000000,0.00005000,1752424200752,True,True
trade,1752424200763,BTCUSDT,5081838965,118793.91000000,0.00005000,1752424200752,True,True
trade,1752424200763,BTCUSDT,5081838966,118793.90000000,0.00005000,1752424200752,True,True
trade,1752424200763,BTCUSDT,5081838967,118793.90000000,0.00005000,1752424200752,True,True
trade,1752424200763,BTCUSDT,5081838968,118793.90000000,0.00005000,1752424200752,True,True
trade,1752424200763,BTCUSDT,5081838969,118793.90000000,0.00005000,1752424200752,True,True
trade,1752424200763,BTCUSDT,5081838970,118793.90000000,0.00005000,1752424200752,True,True
trade,1752424200763,BTCUSDT,5081838971,118793.06000000,0.00009000,1752424200752,True,True
trade,1752424200763,BTCUSDT,5081838972,118793.04000000,0.00005000,1752424200752,True,True
trade,1752424200763,BTCUSDT,5081838973,118793.04000000,0.00005000,1752424200752,True,True
trade,1752424200763,BTCUSDT,5081838974,118792.78000000,0.00005000,1752424200752,True,True
trade,1752424200763,BTCUSDT,5081838975,118792.78000000,0.00005000,1752424200752,True,True
trade,1752424200763,BTCUSDT,5081838976,118792.78000000,0.00005000,1752424200752,True,True
trade,1752424200763,BTCUSDT,5081838977,118792.57000000,0.00005000,1752424200752,True,True
trade,1752424200763,BTCUSDT,5081838978,118792.57000000,0.00005000,1752424200752,True,True
trade,1752424200763,BTCUSDT,5081838979,118792.57000000,0.00005000,1752424200752,True,True
trade,1752424200763,BTCUSDT,5081838980,118792.07000000,0.00007000,1752424200752,True,True
trade,1752424200763,BTCUSDT,5081838981,118792.01000000,0.00010000,1752424200752,True,True
trade,1752424200763,BTCUSDT,5081838982,118792.00000000,0.00200000,1752424200752,True,True
trade,1752424200763,BTCUSDT,5081838983,118792.00000000,0.00010000,1752424200752,True,True
trade,1752424200763,BTCUSDT,5081838984,118792.00000000,0.00010000,1752424200752,True,True
trade,1752424200763,BTCUSDT,5081838985,118792.00000000,0.00015000,1752424200752,True,True
trade,1752424200763,BTCUSDT,5081838986,118791.84000000,0.02878000,1752424200752,True,True
trade,1752424200764,BTCUSDT,5081838987,118791.84000000,0.00252000,1752424200752,True,True
trade,1752424200765,BTCUSDT,5081838988,118791.84000000,0.02010000,1752424200753,True,True
trade,1752424200766,BTCUSDT,5081838989,118791.84000000,0.00190000,1752424200753,True,True
trade,1752424200766,BTCUSDT,5081838990,118791.84000000,0.00005000,1752424200753,True,True
trade,1752424200766,BTCUSDT,5081838991,118791.84000000,0.00005000,1752424200753,True,True
trade,1752424200766,BTCUSDT,5081838992,118791.84000000,0.00005000,1752424200753,True,True
trade,1752424200766,BTCUSDT,5081838993,118791.45000000,0.02000000,1752424200753,True,True
trade,1752424200766,BTCUSDT,5081838994,118791.35000000,0.00500000,1752424200753,True,True
trade,1752424200766,BTCUSDT,5081838995,118791.35000000,0.00005000,1752424200753,True,True
trade,1752424200766,BTCUSDT,5081838996,118791.35000000,0.00005000,1752424200753,True,True
trade,1752424200766,BTCUSDT,5081838997,118791.35000000,0.00005000,1752424200753,True,True
trade,1752424200766,BTCUSDT,5081838998,118791.30000000,0.00300000,1752424200753,True,True
trade,1752424200766,BTCUSDT,5081838999,118791.23000000,0.00008000,1752424200753,True,True
trade,1752424200766,BTCUSDT,5081839000,118791.19000000,0.00005000,1752424200753,True,True
trade,1752424200766,BTCUSDT,5081839001,118791.00000000,0.00198000,1752424200753,True,True
trade,1752424200767,BTCUSDT,5081839002,118790.04000000,0.07200000,1752424200754,True,True
trade,1752424200767,BTCUSDT,5081839003,118790.04000000,0.07200000,1752424200754,True,True
trade,1752424200767,BTCUSDT,5081839004,118790.00000000,0.00011000,1752424200754,True,True
trade,1752424200767,BTCUSDT,5081839005,118789.95000000,0.04800000,1752424200754,True,True
trade,1752424200767,BTCUSDT,5081839006,118789.95000000,0.00005000,1752424200754,True,True
trade,1752424200767,BTCUSDT,5081839007,118789.95000000,0.00005000,1752424200754,True,True
trade,1752424200767,BTCUSDT,5081839008,118789.95000000,0.00005000,1752424200754,True,True
trade,1752424200767,BTCUSDT,5081839009,118789.94000000,0.04800000,1752424200754,True,True
trade,1752424200767,BTCUSDT,5081839010,118789.61000000,0.00005000,1752424200754,True,True
trade,1752424200767,BTCUSDT,5081839011,118789.61000000,0.00005000,1752424200754,True,True
trade,1752424200767,BTCUSDT,5081839012,118789.61000000,0.00005000,1752424200754,True,True
trade,1752424200767,BTCUSDT,5081839013,118788.97000000,0.00005000,1752424200754,True,True
trade,1752424200767,BTCUSDT,5081839014,118788.57000000,0.00005000,1752424200754,True,True
trade,1752424200767,BTCUSDT,5081839015,118788.55000000,0.00005000,1752424200754,True,True
trade,1752424200767,BTCUSDT,5081839016,118788.55000000,0.00005000,1752424200754,True,True
trade,1752424200767,BTCUSDT,5081839017,118788.55000000,0.00005000,1752424200754,True,True
trade,1752424200767,BTCUSDT,5081839018,118788.12000000,0.00005000,1752424200754,True,True
trade,1752424200767,BTCUSDT,5081839019,118788.11000000,0.00005000,1752424200754,True,True
trade,1752424200767,BTCUSDT,5081839020,118788.00000000,0.00200000,1752424200754,True,True
trade,1752424200767,BTCUSDT,5081839021,118788.00000000,0.00010000,1752424200754,True,True
trade,1752424200767,BTCUSDT,5081839022,118788.00000000,0.00010000,1752424200754,True,True
trade,1752424200767,BTCUSDT,5081839023,118788.00000000,0.00015000,1752424200754,True,True
trade,1752424200767,BTCUSDT,5081839024,118786.71000000,0.00007000,1752424200754,True,True
trade,1752424200767,BTCUSDT,5081839025,118786.59000000,0.00772000,1752424200754,True,True
trade,1752424200767,BTCUSDT,5081839026,118786.59000000,0.03228000,1752424200754,True,True
trade,1752424200767,BTCUSDT,5081839027,118786.59000000,0.00005000,1752424200754,True,True
trade,1752424200767,BTCUSDT,5081839028,118786.59000000,0.00005000,1752424200754,True,True
trade,1752424200767,BTCUSDT,5081839029,118786.59000000,0.00005000,1752424200754,True,True
trade,1752424200767,BTCUSDT,5081839030,118786.38000000,0.00005000,1752424200754,True,True
trade,1752424200767,BTCUSDT,5081839031,118786.25000000,0.00007000,1752424200754,True,True
trade,1752424200767,BTCUSDT,5081839032,118786.02000000,0.00009000,1752424200754,True,True
trade,1752424200767,BTCUSDT,5081839033,118785.94000000,0.00005000,1752424200754,True,True
trade,1752424200767,BTCUSDT,5081839034,118785.94000000,0.00005000,1752424200754,True,True
trade,1752424200767,BTCUSDT,5081839035,118785.94000000,0.00005000,1752424200754,True,True
trade,1752424200767,BTCUSDT,5081839036,118785.67000000,0.00082000,1752424200754,True,True
trade,1752424200769,BTCUSDT,5081839037,118785.52000000,0.01277000,1752424200754,True,True
trade,1752424200770,BTCUSDT,5081839038,118785.52000000,0.00723000,1752424200755,True,True
trade,1752424200770,BTCUSDT,5081839039,118785.32000000,0.00005000,1752424200755,True,True
trade,1752424200770,BTCUSDT,5081839040,118784.62000000,0.00005000,1752424200755,True,True
trade,1752424200770,BTCUSDT,5081839041,118784.62000000,0.00005000,1752424200755,True,True
trade,1752424200770,BTCUSDT,5081839042,118784.62000000,0.00005000,1752424200755,True,True
trade,1752424200770,BTCUSDT,5081839043,118784.26000000,0.00420000,1752424200755,True,True
trade,1752424200770,BTCUSDT,5081839044,118784.25000000,0.00005000,1752424200755,True,True
trade,1752424200770,BTCUSDT,5081839045,118784.25000000,0.00005000,1752424200755,True,True
trade,1752424200770,BTCUSDT,5081839046,118784.25000000,0.00005000,1752424200755,True,True
trade,1752424200770,BTCUSDT,5081839047,118784.03000000,0.00925000,1752424200755,True,True
trade,1752424200773,BTCUSDT,5081839048,118784.03000000,0.03875000,1752424200756,True,True
trade,1752424200773,BTCUSDT,5081839049,118784.03000000,0.04800000,1752424200756,True,True
trade,1752424200773,BTCUSDT,5081839050,118784.00000000,0.00010000,1752424200756,True,True
trade,1752424200773,BTCUSDT,5081839051,118784.00000000,0.00200000,1752424200756,True,True
trade,1752424200773,BTCUSDT,5081839052,118784.00000000,0.00010000,1752424200756,True,True
trade,1752424200773,BTCUSDT,5081839053,118784.00000000,0.00015000,1752424200756,True,True
trade,1752424200797,BTCUSDT,5081839054,118783.71000000,0.00005000,1752424200769,True,True
trade,1752424200797,BTCUSDT,5081839055,118783.71000000,0.00005000,1752424200769,True,True
trade,1752424200797,BTCUSDT,5081839056,118783.71000000,0.00005000,1752424200769,True,True
trade,1752424200797,BTCUSDT,5081839057,118783.50000000,0.00007000,1752424200769,True,True
trade,1752424200797,BTCUSDT,5081839058,118783.35000000,0.00018000,1752424200769,True,True
trade,1752424200797,BTCUSDT,5081839059,118782.63000000,0.00009000,1752424200769,True,True
trade,1752424200797,BTCUSDT,5081839060,118782.46000000,0.00005000,1752424200769,True,True
trade,1752424200797,BTCUSDT,5081839061,118782.45000000,0.00005000,1752424200769,True,True
trade,1752424200797,BTCUSDT,5081839062,118782.45000000,0.00005000,1752424200769,True,True
trade,1752424200797,BTCUSDT,5081839063,118782.45000000,0.00005000,1752424200769,True,True
trade,1752424200797,BTCUSDT,5081839064,118782.45000000,0.00005000,1752424200769,True,True
trade,1752424200797,BTCUSDT,5081839065,118782.45000000,0.00005000,1752424200769,True,True
trade,1752424200797,BTCUSDT,5081839066,118782.32000000,0.00005000,1752424200769,True,True
trade,1752424200857,BTCUSDT,5081839067,118782.31000000,0.00005000,1752424200812,True,True
trade,1752424200857,BTCUSDT,5081839068,118782.31000000,0.00005000,1752424200812,True,True
trade,1752424200857,BTCUSDT,5081839069,118782.31000000,0.00005000,1752424200812,True,True
trade,1752424200857,BTCUSDT,5081839070,118782.31000000,0.00005000,1752424200812,True,True
trade,1752424200857,BTCUSDT,5081839071,118782.31000000,0.00005000,1752424200812,True,True
trade,1752424200857,BTCUSDT,5081839072,118782.31000000,0.00005000,1752424200812,True,True
trade,1752424200857,BTCUSDT,5081839073,118782.31000000,0.00005000,1752424200812,True,True
trade,1752424200857,BTCUSDT,5081839074,118782.31000000,0.00005000,1752424200812,True,True
trade,1752424200857,BTCUSDT,5081839075,118782.31000000,0.00005000,1752424200812,True,True
trade,1752424200857,BTCUSDT,5081839076,118782.31000000,0.00005000,1752424200812,True,True
trade,1752424200857,BTCUSDT,5081839077,118782.31000000,0.00005000,1752424200812,True,True
trade,1752424200857,BTCUSDT,5081839078,118782.30000000,0.00005000,1752424200812,True,True
trade,1752424200857,BTCUSDT,5081839079,118782.30000000,0.00005000,1752424200812,True,True
trade,1752424200857,BTCUSDT,5081839080,118782.30000000,0.00005000,1752424200812,True,True
trade,1752424200857,BTCUSDT,5081839081,118782.30000000,0.00005000,1752424200812,True,True
trade,1752424200857,BTCUSDT,5081839082,118782.30000000,0.00005000,1752424200812,True,True
trade,1752424200857,BTCUSDT,5081839083,118782.30000000,0.00005000,1752424200812,True,True
trade,1752424200857,BTCUSDT,5081839084,118782.30000000,0.00005000,1752424200812,True,True
trade,1752424200857,BTCUSDT,5081839085,118782.30000000,0.00005000,1752424200812,True,True
trade,1752424200857,BTCUSDT,5081839086,118782.18000000,0.00005000,1752424200812,True,True
trade,1752424200857,BTCUSDT,5081839087,118782.12000000,0.00005000,1752424200812,True,True
trade,1752424200857,BTCUSDT,5081839088,118782.12000000,0.00005000,1752424200812,True,True
trade,1752424200857,BTCUSDT,5081839089,118782.12000000,0.00005000,1752424200812,True,True
trade,1752424200857,BTCUSDT,5081839090,118782.09000000,0.00005000,1752424200813,True,True
trade,1752424200857,BTCUSDT,5081839091,118782.08000000,0.00005000,1752424200813,True,True
trade,1752424200857,BTCUSDT,5081839092,118782.08000000,0.00005000,1752424200813,True,True
trade,1752424200857,BTCUSDT,5081839093,118782.08000000,0.00005000,1752424200813,True,True
trade,1752424200857,BTCUSDT,5081839094,118782.08000000,0.00005000,1752424200813,True,True
trade,1752424200857,BTCUSDT,5081839095,118782.08000000,0.00005000,1752424200813,True,True
trade,1752424200866,BTCUSDT,5081839096,118781.60000000,0.00021000,1752424200821,True,True
trade,1752424200876,BTCUSDT,5081839097,118781.60000000,0.00064000,1752424200832,True,True
trade,1752424200894,BTCUSDT,5081839098,118781.60000000,0.00215000,1752424200854,True,True
trade,1752424200894,BTCUSDT,5081839099,118781.19000000,0.00005000,1752424200854,True,True
trade,1752424200894,BTCUSDT,5081839100,118781.19000000,0.00005000,1752424200854,True,True
trade,1752424200894,BTCUSDT,5081839101,118781.19000000,0.00005000,1752424200854,True,True
trade,1752424200894,BTCUSDT,5081839102,118780.00000000,0.00010000,1752424200854,True,True
trade,1752424200894,BTCUSDT,5081839103,118780.00000000,0.00200000,1752424200854,True,True
trade,1752424200894,BTCUSDT,5081839104,118780.00000000,0.00010000,1752424200854,True,True
trade,1752424200894,BTCUSDT,5081839105,118780.00000000,0.00015000,1752424200854,True,True
trade,1752424200894,BTCUSDT,5081839106,118780.00000000,0.00543000,1752424200854,True,True
trade,1752424200901,BTCUSDT,5081839107,118781.60000000,0.00005000,1752424200862,True,True
trade,1752424200901,BTCUSDT,5081839108,118781.60000000,0.00005000,1752424200862,True,True
trade,1752424200901,BTCUSDT,5081839109,118781.60000000,0.00005000,1752424200862,True,True
trade,1752424200901,BTCUSDT,5081839110,118781.60000000,0.00005000,1752424200862,True,True
trade,1752424200901,BTCUSDT,5081839111,118781.60000000,0.00005000,1752424200862,True,True
trade,1752424200901,BTCUSDT,5081839112,118780.00000000,0.00475000,1752424200862,True,True
trade,1752424200911,BTCUSDT,5081839113,118780.00000000,0.00666000,1752424200873,True,True
trade,1752424200911,BTCUSDT,5081839114,118780.00000000,0.00005000,1752424200873,True,True
trade,1752424200911,BTCUSDT,5081839115,118778.47000000,0.00009000,1752424200873,True,True
trade,1752424200911,BTCUSDT,5081839116,118777.71000000,0.00005000,1752424200873,True,True
trade,1752424200911,BTCUSDT,5081839117,118777.40000000,0.00151000,1752424200873,True,True
trade,1752424200911,BTCUSDT,5081839118,118776.24000000,0.00005000,1752424200873,True,True
trade,1752424200911,BTCUSDT,5081839119,118776.00000000,0.00010000,1752424200873,True,True
trade,1752424200911,BTCUSDT,5081839120,118776.00000000,0.00049000,1752424200873,True,True
trade,1752424200913,BTCUSDT,5081839121,118776.00000000,0.00100000,1752424200875,True,True
trade,1752424200943,BTCUSDT,5081839122,118777.40000000,0.00010000,1752424200916,True,True
trade,1752424200943,BTCUSDT,5081839123,118776.03000000,0.07990000,1752424200916,True,True
trade,1752424200978,BTCUSDT,5081839124,118777.40000000,0.00005000,1752424200966,True,True
trade,1752424200978,BTCUSDT,5081839125,118777.40000000,0.00005000,1752424200966,True,True
trade,1752424200978,BTCUSDT,5081839126,118777.40000000,0.00005000,1752424200966,True,True
trade,1752424200978,BTCUSDT,5081839127,118777.40000000,0.00005000,1752424200966,True,True
trade,1752424200978,BTCUSDT,5081839128,118777.40000000,0.00030000,1752424200966,True,True
trade,1752424201044,BTCUSDT,5081839129,118777.40000000,0.00013000,1752424201043,True,True
trade,1752424201044,BTCUSDT,5081839130,118777.40000000,0.00005000,1752424201043,True,True
trade,1752424201044,BTCUSDT,5081839131,118777.40000000,0.00005000,1752424201043,True,True
trade,1752424201044,BTCUSDT,5081839132,118777.40000000,0.00005000,1752424201043,True,True
trade,1752424201044,BTCUSDT,5081839133,118777.40000000,0.00005000,1752424201043,True,True
trade,1752424201044,BTCUSDT,5081839134,118777.40000000,0.00005000,1752424201043,True,True
trade,1752424201044,BTCUSDT,5081839135,118777.40000000,0.00005000,1752424201043,True,True
trade,1752424201044,BTCUSDT,5081839136,118777.40000000,0.00005000,1752424201043,True,True
trade,1752424201044,BTCUSDT,5081839137,118777.40000000,0.00005000,1752424201043,True,True
trade,1752424201044,BTCUSDT,5081839138,118777.40000000,0.00005000,1752424201043,True,True
trade,1752424201044,BTCUSDT,5081839139,118777.40000000,0.00005000,1752424201043,True,True
trade,1752424201044,BTCUSDT,5081839140,118777.40000000,0.00005000,1752424201043,True,True
trade,1752424201044,BTCUSDT,5081839141,118777.40000000,0.00005000,1752424201043,True,True
trade,1752424201044,BTCUSDT,5081839142,118777.40000000,0.00010000,1752424201043,True,True
trade,1752424201044,BTCUSDT,5081839143,118777.40000000,0.00010000,1752424201043,True,True
trade,1752424201044,BTCUSDT,5081839144,118777.40000000,0.00010000,1752424201043,True,True
trade,1752424201044,BTCUSDT,5081839145,118777.40000000,0.00005000,1752424201043,True,True
trade,1752424201044,BTCUSDT,5081839146,118777.40000000,0.00005000,1752424201043,True,True
trade,1752424201044,BTCUSDT,5081839147,118777.40000000,0.00005000,1752424201043,True,True
trade,1752424201044,BTCUSDT,5081839148,118777.40000000,0.00010000,1752424201043,True,True
trade,1752424201044,BTCUSDT,5081839149,118777.40000000,0.00005000,1752424201043,True,True
trade,1752424201044,BTCUSDT,5081839150,118777.40000000,0.00005000,1752424201043,True,True
trade,1752424201044,BTCUSDT,5081839151,118777.40000000,0.00005000,1752424201043,True,True
trade,1752424201044,BTCUSDT,5081839152,118777.40000000,0.00005000,1752424201043,True,True
trade,1752424201044,BTCUSDT,5081839153,118777.40000000,0.00005000,1752424201043,True,True
trade,1752424201044,BTCUSDT,5081839154,118777.40000000,0.00005000,1752424201043,True,True
trade,1752424201044,BTCUSDT,5081839155,118777.40000000,0.00005000,1752424201043,True,True
trade,1752424201044,BTCUSDT,5081839156,118777.40000000,0.00005000,1752424201043,True,True
trade,1752424201044,BTCUSDT,5081839157,118777.40000000,0.00005000,1752424201043,True,True
trade,1752424201044,BTCUSDT,5081839158,118777.40000000,0.00005000,1752424201043,True,True
trade,1752424201044,BTCUSDT,5081839159,118777.39000000,0.00010000,1752424201043,True,True
trade,1752424201044,BTCUSDT,5081839160,118776.04000000,0.00283000,1752424201043,True,True
trade,1752424201044,BTCUSDT,5081839161,118776.04000000,0.00010000,1752424201043,True,True
trade,1752424201044,BTCUSDT,5081839162,118776.04000000,0.00005000,1752424201043,True,True
trade,1752424201044,BTCUSDT,5081839163,118776.04000000,0.00005000,1752424201043,True,True
trade,1752424201044,BTCUSDT,5081839164,118776.04000000,0.00005000,1752424201043,True,True
trade,1752424201044,BTCUSDT,5081839165,118776.04000000,0.00005000,1752424201043,True,True
trade,1752424201044,BTCUSDT,5081839166,118776.03000000,0.00005000,1752424201043,True,True
trade,1752424201044,BTCUSDT,5081839167,118776.03000000,0.00005000,1752424201043,True,True
trade,1752424201044,BTCUSDT,5081839168,118776.03000000,0.00005000,1752424201043,True,True
trade,1752424201044,BTCUSDT,5081839169,118776.00000000,0.00051000,1752424201043,True,True
trade,1752424201044,BTCUSDT,5081839170,118776.00000000,0.00010000,1752424201043,True,True
trade,1752424201044,BTCUSDT,5081839171,118776.00000000,0.00015000,1752424201043,True,True
trade,1752424201044,BTCUSDT,5081839172,118776.00000000,0.00005000,1752424201043,True,True
trade,1752424201044,BTCUSDT,5081839173,118776.00000000,0.00010000,1752424201043,True,True
trade,1752424201044,BTCUSDT,5081839174,118776.00000000,0.00005000,1752424201043,True,True
trade,1752424201044,BTCUSDT,5081839175,118776.00000000,0.00005000,1752424201043,True,True
trade,1752424201044,BTCUSDT,5081839176,118775.72000000,0.00008000,1752424201043,True,True
trade,1752424201044,BTCUSDT,5081839177,118772.00000000,0.00010000,1752424201043,True,True
trade,1752424201044,BTCUSDT,5081839178,118772.00000000,0.00200000,1752424201043,True,True
trade,1752424201044,BTCUSDT,5081839179,118772.00000000,0.00010000,1752424201043,True,True
trade,1752424201044,BTCUSDT,5081839180,118772.00000000,0.00015000,1752424201043,True,True
trade,1752424201044,BTCUSDT,5081839181,118771.50000000,0.00016000,1752424201043,True,True
trade,1752424201044,BTCUSDT,5081839182,118771.49000000,0.00034000,1752424201043,True,True
trade,1752424201044,BTCUSDT,5081839183,118770.30000000,0.00005000,1752424201043,True,True
trade,1752424201044,BTCUSDT,5081839184,118769.04000000,0.00005000,1752424201043,True,True
trade,1752424201044,BTCUSDT,5081839185,118768.34000000,0.00009000,1752424201043,True,True
trade,1752424201044,BTCUSDT,5081839186,118768.01000000,0.00171000,1752424201043,True,True
trade,1752424201045,BTCUSDT,5081839187,118768.01000000,0.01778000,1752424201045,True,True
trade,1752424201045,BTCUSDT,5081839188,118768.01000000,0.00005000,1752424201045,True,True
trade,1752424201045,BTCUSDT,5081839189,118768.01000000,0.00005000,1752424201045,True,True
trade,1752424201045,BTCUSDT,5081839190,118768.00000000,0.00010000,1752424201045,True,True
trade,1752424201045,BTCUSDT,5081839191,118768.00000000,0.00200000,1752424201045,True,True
trade,1752424201045,BTCUSDT,5081839192,118768.00000000,0.00010000,1752424201045,True,True
trade,1752424201045,BTCUSDT,5081839193,118768.00000000,0.00015000,1752424201045,True,True
trade,1752424201045,BTCUSDT,5081839194,118768.00000000,0.03877000,1752424201045,True,True
trade,1752424201309,BTCUSDT,5081839195,118768.00000000,0.00010000,1752424201309,True,True
trade,1752424201400,BTCUSDT,5081839196,118768.00000000,0.00322000,1752424201400,True,True
trade,1752424201400,BTCUSDT,5081839197,118768.00000000,0.00005000,1752424201400,True,True
trade,1752424201400,BTCUSDT,5081839198,118768.00000000,0.00005000,1752424201400,True,True
trade,1752424201400,BTCUSDT,5081839199,118768.00000000,0.00005000,1752424201400,True,True
trade,1752424201400,BTCUSDT,5081839200,118768.00000000,0.00005000,1752424201400,True,True
trade,1752424201400,BTCUSDT,5081839201,118768.00000000,0.00005000,1752424201400,True,True
trade,1752424201400,BTCUSDT,5081839202,118768.00000000,0.00005000,1752424201400,True,True
trade,1752424201400,BTCUSDT,5081839203,118768.00000000,0.00005000,1752424201400,True,True
trade,1752424201400,BTCUSDT,5081839204,118768.00000000,0.00005000,1752424201400,True,True
trade,1752424201400,BTCUSDT,5081839205,118768.00000000,0.00005000,1752424201400,True,True
trade,1752424201400,BTCUSDT,5081839206,118768.00000000,0.04080000,1752424201400,True,True
trade,1752424201403,BTCUSDT,5081839207,118768.00000000,0.04154000,1752424201403,True,True
trade,1752424201404,BTCUSDT,5081839208,118768.00000000,0.23369000,1752424201403,True,True
trade,1752424201405,BTCUSDT,5081839209,118768.00000000,0.02067000,1752424201404,True,True
trade,1752424201405,BTCUSDT,5081839210,118768.00000000,0.00005000,1752424201404,True,True
trade,1752424201405,BTCUSDT,5081839211,118768.00000000,0.17646000,1752424201404,True,True
trade,1752424201406,BTCUSDT,5081839212,118768.00000000,0.03464000,1752424201405,True,True
trade,1752424201406,BTCUSDT,5081839213,118768.00000000,0.00486000,1752424201405,True,True
trade,1752424201406,BTCUSDT,5081839214,118768.00000000,0.00049000,1752424201405,True,True
trade,1752424201406,BTCUSDT,5081839215,118768.00000000,0.00005000,1752424201405,True,True
trade,1752424201406,BTCUSDT,5081839216,118768.00000000,0.00005000,1752424201405,True,True
trade,1752424201406,BTCUSDT,5081839217,118768.00000000,0.13579000,1752424201405,True,True
trade,1752424201406,BTCUSDT,5081839218,118768.00000000,0.01080000,1752424201405,True,True
trade,1752424201406,BTCUSDT,5081839219,118768.00000000,0.03172000,1752424201405,True,True
trade,1752424201406,BTCUSDT,5081839220,118768.00000000,0.43676000,1752424201406,True,True
trade,1752424201408,BTCUSDT,5081839221,118768.00000000,0.00163000,1752424201407,True,True
trade,1752424201408,BTCUSDT,5081839222,118768.00000000,0.00152000,1752424201407,True,True
trade,1752424201408,BTCUSDT,5081839223,118768.00000000,0.02321000,1752424201408,True,True
trade,1752424201410,BTCUSDT,5081839224,118768.00000000,0.00394000,1752424201409,True,True
trade,1752424201410,BTCUSDT,5081839225,118768.00000000,0.01646000,1752424201409,True,True
trade,1752424201410,BTCUSDT,5081839226,118768.00000000,0.00010000,1752424201409,True,True
trade,1752424201410,BTCUSDT,5081839227,118768.00000000,0.00005000,1752424201409,True,True
trade,1752424201410,BTCUSDT,5081839228,118768.00000000,0.00005000,1752424201409,True,True
trade,1752424201410,BTCUSDT,5081839229,118768.00000000,0.00005000,1752424201409,True,True
trade,1752424201410,BTCUSDT,5081839230,118768.00000000,0.00005000,1752424201409,True,True
trade,1752424201410,BTCUSDT,5081839231,118768.00000000,0.00005000,1752424201409,True,True
trade,1752424201410,BTCUSDT,5081839232,118768.00000000,0.00005000,1752424201409,True,True
trade,1752424201410,BTCUSDT,5081839233,118768.00000000,0.00005000,1752424201409,True,True
trade,1752424201410,BTCUSDT,5081839234,118768.00000000,0.00005000,1752424201409,True,True
trade,1752424201410,BTCUSDT,5081839235,118768.00000000,0.00005000,1752424201409,True,True
trade,1752424201410,BTCUSDT,5081839236,118768.00000000,0.00005000,1752424201409,True,True
trade,1752424201410,BTCUSDT,5081839237,118768.00000000,0.00005000,1752424201409,True,True
trade,1752424201410,BTCUSDT,5081839238,118768.00000000,0.00005000,1752424201409,True,True
trade,1752424201410,BTCUSDT,5081839239,118768.00000000,0.00005000,1752424201409,True,True
trade,1752424201410,BTCUSDT,5081839240,118768.00000000,0.00005000,1752424201409,True,True
trade,1752424201410,BTCUSDT,5081839241,118768.00000000,0.00005000,1752424201409,True,True
trade,1752424201410,BTCUSDT,5081839242,118768.00000000,0.00010000,1752424201409,True,True
trade,1752424201410,BTCUSDT,5081839243,118768.00000000,0.00010000,1752424201409,True,True
trade,1752424201410,BTCUSDT,5081839244,118768.00000000,0.00005000,1752424201409,True,True
trade,1752424201410,BTCUSDT,5081839245,118768.00000000,0.00005000,1752424201409,True,True
trade,1752424201410,BTCUSDT,5081839246,118768.00000000,0.00005000,1752424201409,True,True
trade,1752424201410,BTCUSDT,5081839247,118768.00000000,0.00005000,1752424201409,True,True
trade,1752424201410,BTCUSDT,5081839248,118767.99000000,0.00010000,1752424201409,True,True
trade,1752424201410,BTCUSDT,5081839249,118766.47000000,0.00063000,1752424201409,True,True
trade,1752424201410,BTCUSDT,5081839250,118766.44000000,0.00063000,1752424201409,True,True
trade,1752424201410,BTCUSDT,5081839251,118764.86000000,0.00005000,1752424201409,True,True
trade,1752424201410,BTCUSDT,5081839252,118764.60000000,0.00006000,1752424201409,True,True
trade,1752424201410,BTCUSDT,5081839253,118764.36000000,0.00005000,1752424201409,True,True
trade,1752424201410,BTCUSDT,5081839254,118764.00000000,0.00010000,1752424201409,True,True
trade,1752424201410,BTCUSDT,5081839255,118764.00000000,0.00200000,1752424201409,True,True
trade,1752424201410,BTCUSDT,5081839256,118764.00000000,0.00010000,1752424201409,True,True
trade,1752424201410,BTCUSDT,5081839257,118764.00000000,0.00015000,1752424201409,True,True
trade,1752424201410,BTCUSDT,5081839258,118764.00000000,0.00010000,1752424201409,True,True
trade,1752424201410,BTCUSDT,5081839259,118762.77000000,0.00007000,1752424201409,True,True
trade,1752424201411,BTCUSDT,5081839260,118762.06000000,0.00151000,1752424201410,True,True
trade,1752424201411,BTCUSDT,5081839261,118762.06000000,0.00010000,1752424201410,True,True
trade,1752424201411,BTCUSDT,5081839262,118762.06000000,0.00005000,1752424201410,True,True
trade,1752424201411,BTCUSDT,5081839263,118762.06000000,0.00005000,1752424201410,True,True
trade,1752424201411,BTCUSDT,5081839264,118762.06000000,0.00005000,1752424201410,True,True
trade,1752424201411,BTCUSDT,5081839265,118762.06000000,0.00005000,1752424201410,True,True
trade,1752424201411,BTCUSDT,5081839266,118762.06000000,0.00005000,1752424201410,True,True
trade,1752424201416,BTCUSDT,5081839267,118762.06000000,0.00010000,1752424201412,True,True
trade,1752424201416,BTCUSDT,5081839268,118762.06000000,0.00010000,1752424201412,True,True
trade,1752424201416,BTCUSDT,5081839269,118762.05000000,0.00010000,1752424201412,True,True
trade,1752424201416,BTCUSDT,5081839270,118760.37000000,0.00005000,1752424201412,True,True
trade,1752424201447,BTCUSDT,5081839271,118760.00000000,0.00010000,1752424201437,True,True
trade,1752424201447,BTCUSDT,5081839272,118760.00000000,0.00200000,1752424201437,True,True
trade,1752424201447,BTCUSDT,5081839273,118760.00000000,0.00010000,1752424201437,True,True
trade,1752424201447,BTCUSDT,5081839274,118760.00000000,0.00015000,1752424201437,True,True
trade,1752424201447,BTCUSDT,5081839275,118760.00000000,0.00005000,1752424201437,True,True
trade,1752424201447,BTCUSDT,5081839276,118760.00000000,0.00003000,1752424201437,True,True
trade,1752424201471,BTCUSDT,5081839277,118760.00000000,0.00050000,1752424201468,True,True
